text,label
лукашенко пригрозил литовским танкам белорусской картошкой ,0
российские компании оказались в опасности из за глобального потепления,1
лукашенко объявил об отмене выборов из за нападения иностранных диверсантов ,0
«роснефть» стала лидером по объему биржевых продаж нефтепродуктов,1
псковской области дадут десятки миллионов рублей на ремонт дорог,1
компания henkel — владелец брендов schwarzkopf  persil и «момент» — объявила об уходе из россии,1
чубайс ушел из совета директоров афк «система»  месяц назад он уехал из россии,1
далай лама xiv  «тибет вынужден выйти из дрсмд вслед за россией и сша» ,0
против моргенштерна вновь возбудили дело о пропаганде наркотиков,1
нацгвардия подала иск дональду трампу на 14 млн долларов из за зимних протестов ,0
российские приставы намерены принудительно взыскать с google 7 2 миллиарда рублей штрафа за отказ удалить запрещенный контент,1
россии предсказали рекордно низкие ставки,1
генпрокуратура украины назвала десять россиян  причастных к геноциду мирных жителей в буче,1
на встрече в аризоне трамп угощал избирателей мороженым ,0
телеканалы обяжут хвалить госдуму не менее часа в сутки ,0
российская ведущая кулинарных шоу села на голодовку,1
«простите меня уральцы я просто редко бывал в омске»  жириновский пересмотрел своё мнение насчёт самого тупого региона россии ,0
суд в санкт петербурге закрыл дело о «дискредитации» армии против пикетчика с плакатом «война — мир  свобода — рабство  незнание — сила»,1
в whatsapp появятся новые функции,1
xx съезд республиканской партии сша развенчал культ личности дональда трампа ,0
в нижневартовске в жилом доме взорвался газ,0
«теперь наша очередь писать им конституцию»  терешкова и клишас предложили сша помощь в реформе основного закона ,0
россия нанесла ракетный удар по одесской области  поврежден мост через днестровский лиман,1
французские санта клаусы в знак протеста пройдут в новогоднюю ночь по елисейским полям в жёлтых жилетах ,0
россию официально исключили из европы ,0
эрдоган на встрече с путиным назвал крым «издревле русской всенародной здравницей» ,0
партия «яблоко» намерена помешать выходу расследования навального о всемирном еврейском заговоре ,0
в качестве антикризисной меры в столовой госдумы начали мыть хрустальную и фарфоровую посуду ,0
люксембург вышлет из страны собаку российского дипломата ,0
фсб задержала более 20 террористов в москве и сибири,1
«единая россия» предложила принимать детей ветеранов боевых действий в вузы без вступительных испытаний,1
посетителя петербургского кафе расчленили за фразу «экспрессо невкусное от слова вообще» ,0
в барселоне нашли паспорта руслана боширова и анатолия чепиги ,0
дмитрий медведев поручил отпраздновать двадцатилетие «единой россии» не хуже чем в китае ,0
эксперт озхо не подписавший протокол отравления навального новичком попал под трамвай за час до анонсированной пресс конференции ,0
саудовская аравия будет председательствовать в комиссии оон по правам лгбт ,0
прибалтика выкопает траншею вдоль границы и станет островом ,0
дональд трамп открыл счёт в сбербанке ,0
петербургскую художницу александру скочиленко отправили в сизо до 1 июня по делу о «фейках» про войну  ей грозит до 10 лет тюрьмы,1
зюганов призвал силовиков «задушить гидру революции в зародыше» ,0
пуховик путина за 1 4 млн рублей убрали с сайта цума  но оставили в продаже  в таком путин выступал на z концерте в лужниках,1
лукашенко предложил путину возродить ссср ,0
повышение уровня мирового океана может привести к возрождению военно морского флота венгрии ,0
фсб второй раз за четыре дня сообщила о предотвращенном теракте,1
все диктаторы сидят в евросоюзе  лукашенко назвал себя легитимным президентом ,0
максима галкина забросали гнилыми помидорами на концерте в израиле ,0
«газпром» бесплатно проведет газ в отдалённые кубинские деревни ,0
россия запретила въезд на свою территорию главе британского правительства борису джонсону и министрам,1
молоденький фаворит лепса сделал сенсационное признание сложно назвать человеком,0
в душанбе забросали яйцами недавно открывшийся памятник горбачеву ,0
«хорошо поёт»  лукашенко предложил отправить романа протасевича на «евровидение» ,0
фсб задержала свыше 200 россиян которые вели в соцсетях пропаганду в интересах китая ,0
мирная жизнь возвращается  в казахстане прошел первый в этом году языковой патруль ,0
портрет мэрилин монро работы энди уорхола продан на аукционе за рекордные 195 миллионов долларов,1
марии алехиной попросили заменить условный срок по «санитарному делу» на реальный,1
после получения почтой россии статуса it компании отмечен массовый отток почтальонов за рубеж ,0
великобритания ввела санкции против главы ржд  представителя минобороны рф и концерна «калашников»,1
литва признала россию террористическим государством,1
бодипозитивная певица показала голое тело и удивила всех зелеными волосами,1
под харьковом сбит российский истребитель бомбардировщик су 34 — ввс украины,1
“он умышленно сел в тюрьму чтобы жить за счёт государства”  ск завел новое дело против навального ,0
bloomberg  в новый пакет санкций ес может войти запрет на покупку российской нефти,1
в германии впервые посадили чиновника за взятку в рублях ,0
2021 год объявлен годом прав и свобод человека в россии ,0
россия отправила кубе в качестве гуманитарной помощи ракетные комплексы «искандер» ,0
в адыгее нарастят темпы строительства жилья,1
депутаты избранные в госдуму в 20 лет смогут уйти на пенсию в 30 ,0
адольф гитлер совершит рабочую поездку в израиль ,0
ребенка убило ледяной глыбой в детском саду магадана,0
«фальсификация» выборов в королёве признана учениями ,0
вашингтон требует от москвы объяснений как именно россия вмешалась в выборы ,0
российские зрители увидят «аватар 2» первыми в мире ,0
оон  война в украине создает угрозу голода и нищеты для пятой части населения земли,1
премьер министр италии  путин считает  что условия для прекращения огня в украине еще не созрели,1
«я не знал что он оскорбил ветерана»  байден отозвал свою просьбу об освобождении навального ,0
путин встретится в москве с генсеком оон,1
виталий милонов предложил запретить работу секс шопов в россии ,0
московская полиция причислила к экстремистам льва толстого после использования его цитаты на антивоенной акции,1
в москве из за проблем со здоровьем суд освободил из тюрьмы физика ковалева  осужденного на семь лет по делу о госизмене,1
в гаване в отеле напротив здания парламента кубы произошел взрыв  больше 20 человек погибли,1
во владивостоке по ошибке показали новогоднее поздравление президента с 2027 годом ,0
пранкеры вован и лексус опубликовали переговоры берлина и варшавы за полчаса до белорусского тв ,0
в петербурге у пяти активистов прошли обыски по делу о «фейках»,1
си цзиньпин объявил о начале торговли с российскими предприятиями за советские рубли ,0
самая красивая женщина в мире в оголяющем живот топе поработала дрелью,1
роскомнадзор заблокировал сайт wonderzine,1
в россии разрешили эксплуатацию аппаратов ивл после пожаров в больницах,1
журналист из фрг рассказал на каких условиях немцы готовы простить россию за гдр ,0
во время учений в риге солдаты нато распяли русскоговорящего мальчика ,0
в германии расследуют более 140 уголовных дел  заведенных из за одобрения российского вторжения в украину,1
потомки ближневосточных и африканских лидеров обвинили брежнева в домогательствах ,0
сми  финляндия арестовала имущество главреда «московского комсомольца» павла гусева и счета компании faberlic,1
в германии осудили 92 летнего охранника концлагеря,1
в соборе святой софии начался первый за 86 лет намаз,1
в украине приняли закон о национализации имущества граждан россии,1
чиновница призвавшая «найти и покарать предателей втянувших россию в болонскую систему» оказалась участницей её внедрения в 2003 году ,0
губернатор курильского федерального округа  установка знака северные территории японии не говорит о передаче островов токио ,0
определен возраст самых уязвимых перед мошенниками россиян,1
дональд трамп ввёл санкции против урагана «флоренс» ,0
из за пожаров в красноярском крае погибли семь человек,1
белта  планировавшие госпереворот в беларуси боевики выдали себя русской речью ,0
навальный призвал сша и ес открыть «информационный фронт» против кремля и закупить в соцсетях рекламу для независимых сми,1
«он был крестным отцом румынского народа»  в бухаресте прошли акции посвященные памяти чаушеску ,0
алла пугачёва пригрозила поднять крестьянское восстание в случае возбуждения уголовного дела против максима галкина ,0
россия ввела высокий уровень террористической опасности в регионах  граничащих с украиной,1
потомок александра невского покаялся за предка помешавшего евроинтеграции руси ,0
постпред сша в обсе заявил о планах россии аннексировать часть востока украины,1
российские коммунисты заявили о рекордной прибыли с продажи лимитированной коллекции одежды ,0
пограничники обстреляли фрегат «адмирал эссен» приняв его за эсминец «дефендер» ,0
зеленский — оон  «либо устраните россию как источник войны  либо самоустранитесь»,1
роуэн аткинсон претендует на пост премьер министра великобритании ,0
компания tata steel отказалась от российского угля  она была его крупнейшим импортером в индии в начале года,1
фбр уличило китайское консульство в укрывательстве связанного с армией биолога,1
сценарист «карточного домика» бо уиллимон приехал в украину снимать документальный фильм о войне  он посетил бучу и бородянку,1
дмитрий крымов и евгений цыганов стали лауреатами «золотой маски»  цыганов от имени крымова попросил отдать премию дмитрию муратову,1
из за санкций количество перелётных птиц улетевших зимовать в тёплые края сократилось на 30  ,0
глубокая озабоченность принесла российскому студенту победу на всемирной дипломатической олимпиаде ,0
курс евро взлетел,1
вагит алекперов покинул пост главы «лукойла»,1
эрдоган второй раз за неделю посетил превращенный в мечеть собор святой софии,1
«меня достаточно»  джим керри заявил  что сделал перерыв в карьере,1
армения присоединится к санкциям против россии из за отравления скрипалей ,0
в россии собрались бороться с госкомпаниями,1
группа би 2 отменила концерт в омске из за баннера с буквой z на сцене — «om1 ru»,1
в воз заявили об обеспечивающих половину заражений covid 19 трех странах,1
генсек оон объявил о сложении с себя полномочий в пользу любого из представителей чёрной расы ,0
тиньков сообщил  что из за его антивоенной позиции кремль вынудил его продать банк за 3  от реальной стоимости,1
лукашенко  инаугурацию проведу в тесном семейном кругу я уже не в том возрасте когда хотят пышных вечеринок ,0
в госдуме рассмотрят возможность продления срока полномочий действующего созыва парламента ,0
имена чиновников засекретят чтобы избежать западных санкций ,0
ангела меркель излечилась от коронавируса после телефонного разговора с президентом туркменистана ,0
барак обама объявил о переходе в республиканскую партию ,0
helsingin sanomat  финляндия и швеция могут одновременно подать заявки на вступление в нато на следующей неделе,1
крупнейшие импортеры алкоголя объявили о снижении цен в россии,1
илон маск получит двухмиллиардную премию от tesla,1
российские военные расстреляли мирных жителей бучи — подоляк,1
обнаружены эффективные антитела против коронавируса,1
в европарламенте призвали поддержать больных обезьяньей оспой объятиями ,0
на майских выходных лдпр будет раздавать жителям тывы водку «жириновский» ,0
борис джонсон  «будем проводить референдумы по brexit каждый год пока не получим правильный результат» ,0
депутат госдумы раскритиковал моду на бедность ,0
российские власти заявили  что в страну прибыли полмиллиона беженцев из украины,1
ес внес «аэрофлот» и еще 20 российских авиакомпаний в список небезопасных перевозчиков,1
министр обороны канады сингх назвал индию вонючей дырой ,0
новый президент казахстана назвал своего пса нурсултаном ,0
суд в петербурге запретил клип инстасамки и смн на песню «ауе» за пропаганду философии воров в законе и тюремных понятий,1
кремль отреагировал на британский доклад о вмешательстве россии в выборы,1
валентина терешкова получила множество писем от граждан с требованием отменить выборы губернаторов ,0
белым медведям в арктике предсказали вымирание через 20 лет,1
генпрокуратура рф назвала «циничной ложью» сообщения из бучи и пообещала дать им «уголовно правовую оценку»,1
депутатам госдумы временно запретили покидать россию ,0
верховный суд беларуси признал nexta  nexta live и luxta террористическими организациями,1
состояние крайне тяжелое 92 летний краско с безжизненным взглядом угодил в камеру,0
под омском обнаружили две линии древнейшего метрополитена ,0
цру пригласило навального прочитать цикл лекций по социальной инженерии ,0
стало известно о сложной операции королю саудовской аравии,1
неизвестный открыл стрельбу в метро нью йорка  пострадали как минимум 13 человек,1
от мёртвого енота хвост  трамп отказался платить компенсации индейцам пострадавшим от случайно выпущенной военными плотоядной бактерии ,0
в курской области с 11 апреля введут желтый уровень террористической опасности,1
отец пятерых детей поехал в путешествие по россии и умер с отказавшими ногами,1
российские войска ударили по железнодорожной станции красное во львовской области,1
хакеры из anonymous получили доступ к документам липецкого завода  который ремонтирует российскую военную технику,1
мертвая для певицы валерии выбрали хрустальный гроб,0
«союз медведя и петуха»  марин ле пен рассказала о перспективах отношений с россией ,0
россия избежала дефолта по еврооблигациям — bloomberg,1
российские войска начали «битву за донбасс»  к которой давно готовились — зеленский,1
роспотребнадзор подготовил рекомендации по рассадке зрителей в театрах,1
«никаких сепаратных договоров за спиной беларуси быть не может»  лукашенко потребовал участия беларуси в переговорах рф и украины,1
в литве объявили себя «донором советского союза» ,0
мишустин рассказал о потере гаража,1
россиянка пожаловалась в полицию на поселившегося в квартире чебурашку,1
британец публично осудил бориса джонсона и королеву елизавету чтобы не потерять рабочее место в мгу ,0
герхард шрёдер станет кандидатом от единой россии на президентских выборах 2024 года ,0
победителя президентских выборов в казахстане определят по итогам голосования граждан и политического жюри ,0
с начала войны в украине погибли 176 детей  еще 324 ранены — генпрокуратура украины,1
«матч тв»  российские призеры олимпиады получат деньги вместо автомобилей,1
gulagu net  в тюрьме димитровграда пытают заключенных мусульман  в знак протеста они вскрыли себе вены и объявили голодовку,1
минобороны рф сообщило  что крейсер «москва» затонул,1
си цзиньпин отправил в отставку 29 губернаторов из за подозрений в лени ,0
борис джонсон займет место принца гарри в королевской семье ,0
уиллу смиту на 10 лет запретили посещать церемонию «оскара»  после того  как он дал пощечину крису року,1
россия выделит 20 млрд долларов для снижения цен на топливо в казахстане ,0
историка юрия дмитриева  приговоренного к 15 годам заключения  отправили в колонию строгого режима,1
чечня заказала золотые медали имени кадырова с бриллиантами,1
император нарухито отменил запрет на деятельность компартии японии и стал её председателем ,0
генерал участвовавший в расстреле белого дома в москве присоединился к команде трампа ,0
предвыборный список «единой россии» возглавят медведев мишустин и мишкин ,0
к следующим выборам цик удвоит число сотрудников подсчитывающих результаты электронного голосования ,0
мосгорсуд заявил о недопустимости давления по делу ефремова,1
боевики тихановской отравили водоёмы с белорусской треской ,0
попавшие в плен к российским военным украинские волонтеры рассказали об избиениях и применении электрошокера,1
«бесплатные кружки марксизма ленинизма в каждом районе»  интервью с главным коммунистом россии максимом сурайкиным ,0
служба доставки сдэк отключила трансляции из нескольких российских и белорусских отделений на границе с украиной  по этим видео вычисляли предполагаемых мародеров,1
мировые военные расходы впервые превысили  2 трлн в год  россия на пятом месте,1
«притворялся кабаном»  солдат срочник признался что выступил в качестве живой мишени для депутата рашкина ,0
в госдуме предложили сделать платными все зарубежные сайты ,0
юлия пересильд с борта мкс рассказала о своих идеях по поправкам в конституцию ,0
ереван  россия должна использовать официальное название хайастан вместо советско колониального армения ,0
жители российского города подарили квартиру ветерану,1
вблизи бучи  по данным полиции украины  нашли новое захоронение  руки погибших людей связаны  на глазах — повязки,1
женщину заказавшую службу за здравие навального в главном храме вооруженных сил объявили в федеральный розыск ,0
россиянам пообещали новый минимум по ипотеке,1
объяснено тайное значение нарядов мелании трамп,1
банки рф не вернулись к активной валютной торговле из за дефицита наличных  купить доллары или евро можно по высокому курсу или vip клиентам,1
с 1 мая аккредитация журналистов в госдуме не распространяется на столовую ,0
цб рф предупредил о задержках при денежных переводах по номеру телефона,1
россиянам предложат выкупить квартиры одиноких пенсионеров,1
тинькофф банк будет ставить на счётчик мутных клиентов ,0
в белоруссии 4 ноября пройдёт общенациональное молитвенное покаяние перед александром лукашенко ,0
на фоне сообщений о победе «единой россии» на выборах в госдуму немецкий индекс dax упал до рекордно низкого уровня ,0
белорусский кгб задержал сына александра лукашенко ,0
лукашенко предложил передать крым белоруссии ,0
путин подписал закон  который запрещает средства защиты информации «из недружественных стран» и разрешает фсб доступ к сайтам госучреждений,1
«это не взлом хакеров  это наше осознанное решение  главный мотив — совесть» — журналисты lenta ru о публикации антивоенных текстов на сайте,1
«карма — штука жестокая»  советник главы офиса президента украины прокомментировал взрывы в белгородской  воронежской и курской областях,1
сша пытаются восстановить доступ к системе swift после хакерской атаки со стороны россии ,0
штаб квартиру нато в даугавпилсе построили в виде свастики ,0
трамп предложил китаю помочь со строительством стены вокруг уханя ,0
великобритания обвинила персонажа сериала «доктор хаус» в отравлении скрипалей ,0
«может быть  президент правильно поступил  что начал войну »  в казанском детском саду провели праздник в поддержку войны в украине,1
сенат сша постановил продлить действие плана даллеса для ссср ещё на 20 лет ,0
под киевом разбомбили завод по производству ракет «нептун»  власти украины заявляли  что этими ракетами был атакован крейсер «москва»,1
россиянам вернут деньги за отдых в россии,1
футболист и бывший муж бузовой ответил на информацию об устроенном пьяном дебоше,1
раскрыт способ улететь из россии на отдых при закрытых границах,1
в новую конституцию добавят 2 главы для служебного пользования ,0
the guardian  россия получила оружие из ирака через контрабандные сети ирана,1
кремль опубликовал декларацию путина  за год президент заработал 10 2 миллиона рублей,1
генсек нато заявил о разработке планов по размещению на востоке сил  способных противостоять полноценному вторжению,1
“не развод а оптимизация брака”  с 1 июня вступает в силу новая редакция семейного кодекса ,0
задержанным в белоруссии россиянам предъявили обвинение в контрабанде презервативов ,0
пообещавшему пенсионерам единоразовую выплату губернатору коммунисту грозит уголовное дело за подкуп избирателей ,0
вместо послания федеральному собранию президент зачитал призывы цк кпсс к 1 мая 1985 года ,0
в ватикане приняли в третьем чтении поправки к библии легализующие лгбт ,0
путин подписал указ о торговле газом с «недружественными» странами только за рубли  покупателям предложили конвертировать валюту в газпромбанке,1
илон маск откроет новую компанию,1
мишустин объяснил смысл олигархов в россии,1
партию «яблоко» пригласили на гей парад в амстердаме ,0
володин потребовал уволить с руководящих должностей деятелей культуры  выступивших против войны,1
die welt  германия поддержала введение эмбарго на российскую нефть,1
чернокожий подросток заработал на продаже разрешений на слово «ниггер»,1
первый канал вырезал фрагмент из интервью с создателем программы «взгляд»  где тот говорил о страхе перед культом личности сталина,1
в варшаве подсчитали убытки нанесённые городу красной армией ,0
«я знаю что он всегда мечтал жить у моря»  зеленский предложил пашиняну стать губернатором одесской области ,0
правительство утвердило вид выездной визы и способы ее получения ,0
кпрф договорилась о покупке либертарианской партии россии ,0
китай пообещал свою помощь в решении курильского вопроса ,0
папа римский в середине марта просил о встрече с путиным из за войны в украине  ответа он до сих пор не получил,1
в ростовском отеле бывший президент ожидают гостя из америки ,0
чернокожая фигуристка обвинила производителей колготок в дискриминации,1
мид россии обеспокоен приговором жителю латвии отказавшемуся носить нашивку негражданина ,0
брюс уиллис «приостановил актерскую карьеру» из за нарушения речи,1
билл гейтс назвал удручающими конспирологические теории о его связи с covid 19,1
поставщик телеком оборудования для крупнейших российских операторов ericsson приостановил свою деятельность в россии,1
найденный в голове трампа чип не представлял опасности ,0
дом за 90 миллионов предложили выиграть за 225 рублей,1
светлана тихановская после обеда в белом доме помыла посуду ,0
американские архивы подтверждают версию самоубийства троцкого ,0
германия наложила вето на строительство чехией пивопровода в скандинавию ,0
в екатеринбурге завершился «процесс над бесами» ,0
спецоперация фсб против боевиков в кабардино балкарии попала на видео,1
алексей навальный опознал свои трусы на фотографиях крещенского купания владимира путина ,0
«пришел в 200 ю секцию гума и отоварился по полной»  зюганов рассказал пионерам об отсутствии дефицита в ссср ,0
еспч разрешил платить хорватским сербам зарплату югославскими динарами ,0
в тюмени отменили концерт ддт  музыканты отказались играть в зале с буквой z,1
еврокомиссия анонсировала новые санкции  отказ от российской нефти  запрет на вещание телеканалов и отключение «сбера» от swift,1
стало известно о назначении в руководстве верховного суда россии,1
борис джонсон полгода не может найти работу ,0
на сардинии арестована вилла миллиардера мазепина и его сына — гонщика «формулы 1»,1
венесуэла признала восставший американский народ единственной законной властью в сша ,0
льва шлосберга и его жену оштрафовали на 62 тысячи рублей за «дискредитацию» армии,1
верховная рада приняла законопроект о запрете пророссийских партий в украине,1
«нужно давать дорогу молодым» — 65 летний губернатор томской области объявил  что покидает свой пост,1
сергей скрипаль объявил об участии в выборах короля великобритании ,0
cамолет президента армении сбил 9 азербайджанских истребителей ,0
редакция иа «панорама» стала ведущим консультантом федеральной целевой программы «россия 2030» ,0
на американской военной базе в результате стрельбы погиб человек,1
в россии декриминализируют статью за мизогинию ,0
тарасова прокомментировала информацию о работе с медведевой,1
моргенштерну направили повестку в военкомат для прохождения военной службы ,0
нло над японией оказался секретной моделью надувной ядерной бомбы кндр ,0
трамп нaзвaл нeдoпуcтимым пoвышение цeн нa арахисовую пасту ,0
полигон «аннино» рекультивировали в подмосковье,1
после отставки макрона по требованию «жёлтых жилетов» президентом станет его жена ,0
рпц перенесла архиерейский собор из за «международной обстановки»  осенью его перенесли из за пандемии,1
во франции арестовали два отеля жены друга путина геннадия тимченко,1
«слава богу  у нас диктатура » — лукашенко обосновал необходимость диктаторского режима в беларуси наличием соли,1
мвд белоруссии возбудило уголовное дело против гитлера за срыв 4 посевных и 5 уборочных ,0
внука хрущёва заставили разуться перед входом в зал генассамблеи оон ,0
минобороны возродит дирижаблестроение для военных нужд россии ,0
сша и израиль создадут лигу демократических государств вместо оон ,0
зеленский не сможет поздравить украинцев с новым годом из за плотного графика корпоративов ,0
правительство британии попросит королевский суд временно распространить юрисдикцию лондона на россию для расследования отравления скрипаля ,0
арестованную за антивоенную акцию художницу сашу скочиленко перевели в другую камеру после ее жалоб на травлю,1
на главного редактора «новой газеты» дмитрия муратова напали в поезде  его облили краской,1
расшифровка разговора между варшавой и берлином перехваченного белорусской разведкой оказалась распечаткой с форума «двач» ,0
миропомазание депутатов госдумы viii созыва пройдёт в главном храме вооружённых сил ,0
великобритания отправит украине 120 бронемашин и противокорабельные ракетные комплексы,1
генри киссинджер разочаровался в капитализме и назвал развал ссср величайшим преступлением америки ,0
киссинджер  в сша умышленно создали план по очернению сталина ,0
россию обвинили в попытках переписать историю,1
раскрыты подробности роскошной жизни детей российских звезд за границей,1
александр лукашенко и дмитрий песков торжественно откроют российско белорусский форум усы дружбы ,0
совет европы по ошибке направил спикеру госдумы приглашение на страсбургский гей парад ,0
временный президент боливии подписала закон предоставляющий сша право разработки газовых месторождений ,0
в день 115 летия брежнева представлено исправленное и дополненное издание книги «малая земля» ,0
партия виктора орбана в четвертый раз подряд победила на выборах в венгрии,1
москвичи фейерверками подожгли здание посольства польши ,0
europa press  испания арестовала три яхты и заморозила 12 счетов и фондов  связанных с российскими бизнесменами,1
в россии произошел пожар на питающей целый город тэц,1
хоркина осудила обвинивших тренеров в насилии иностранных гимнасток,1
бывший топ менеджер «аэрофлота» андрей панов призвал российских бизнесменов саботировать сделки и контракты  связанные с поддержкой войны,1
сша заказали вакцину от коронавируса почти на два миллиарда долларов,1
зеленский  российские войска начали битву за донбасс,1
ученый предрек отказ человечества от секса для продолжения рода,1
«я потерял все  но не потерял душу»  тиньков забирает из россии бренд tinkoff  чтобы «не марать его кровью русских солдат и жителей украины»,1
дональд трамп выкупил белый дом за 1  ,0
на первомайской демонстрации разрешат плакаты с конструктивной критикой власти ,0
косметический концерн coty  владеющий max factor  gucci и lacoste  уходит из россии,1
медведь заменит слона на эмблеме республиканской партии сша ,0
оон присвоила озеру севан статус моря ,0
президент финляндии  «нашим процветанием мы обязаны в первую очередь хрущёву» ,0
делегация «талибана»  в москве вакцинировалась «спутником v» ,0
мвд россии объявило в розыск участницу pussy riot марию алехину,1
пензенских школьников заставили отозвать клятву на верность арестованному экс губернатору которую они давали в 2019 году ,0
володин рассказал о приоритетах работы парламентариев одкб,0
путин пожелал украинцам «мирного и справедливого будущего»,1
польша отменит скандальный закон о реституции в обмен на помощь израильских специалистов по мигрантам ,0
во франции арестовали виллу российского олигарха михаила фридмана и квартиру его дочерей,1
в ново огарево прошли переговоры владимира путина и канцлера австрии карла нехаммера  это первая встреча путина с европейским лидером после начала войны,1
«мы целый склад затрофеили»  rt показал стреляные тубусы от шведских гранатометов в качестве ценных трофеев боевиков «лнр»,1
прокуратура объявила пропавшего после затопления «москвы» срочника «отсутствующим в воинской части»,1
на председателя профсоюза «курьер» завели уголовное дело по «дадинской» статье  его задержали на фоне забастовки курьеров,1
лукашенко сообщил о задержании своего лечащего доктора в рамках белорусского «дела врачей»  возбужденного еще в 2018 году,1
профильный комитет госдумы предложил отложить введение налога на воздух на 2020 год ,0
богачи бросились скупать частные острова,1
baza  ​во владивостоке задержали семиклассника  которого подозревают в подготовке взрыва школы,1
в москве отменили спектакль с юлией ауг после жалобы депутата хинштейна  актриса выступала против войны,1
нобелевский лауреат назвал очевидной связь между 5g и коронавирусом ,0
«россияне не побеждают и украинцы не побеждают»  разведка сша — о «патовой ситуации» в войне,1
лукашенко поручил декоммунизировать кгб ,0
в германии российского ученого приговорили к году условно  он собирал сведения о европейской космической программе для разведки рф,1
в здании госдепа отремонтировали знаменитое окно овертона ,0
трампу пригрозили импичментом за отказ переименовать улицу в вашингтоне в честь джона маккейна ,0
кайл риттенхаус проведёт мастер класс для польских пограничников ,0
в поселке макаров киевской области обнаружили 132 тела мирных жителей  расстрелянных российскими военными,1
кремль объяснил присвоение кадырову нового звания,1
риа новости  ведущие европейские политики требуют принять «белорусских» беженцев и выгнать из европы «сирийских» ,0
минздрав анонсировал вакцинирование 1600 россиян от коронавируса,1
китайское консульство в сша уличили в попытке похитить медицинские разработки,1
умер владимир жириновский,1
участница pussy riot рита флорес рассказала  что ее задержали в минске и заставили записать видео в поддержку лукашенко,1
владелец шрифтов times new roman и arial заблокировал доступ к ним для клиентов из россии,1
кгб обнародовало детали пакта навального тихановской о разделе белоруссии ,0
«тинькофф банк» вводит комиссию за звонки в колл центр ,0
аргентина и чили отказались от поставок лития в россию  в минпромторге рф предупредили о риске дефицита сырья для аккумуляторов,1
госдума работает над возвращением уголовной ответственности за гомосексуализм ,0
жителя петербурга оштрафовали на 30 тысяч рублей за антивоенную цитату путина,1
за полчаса до объявления о смерти жириновского лдпр написала твит о том  что он «жив и здоров»,1
женитьбу имама и 13 летней россиянки объяснили фразой «возник вопрос любви»,1
любовь соболь пообещала продолжить борьбу в сирии ,0
сейв после удара игрока «манчестер сити» спиной признан лучшим в туре апл,1
дом в котором находится ростовская квартира дональда трампа признали аварийным ,0
глава луганской ога  российские военные обстреляли два эвакуационных автобуса в попасной  один пропал  другой нашли со следами крови внутри,1
солист rammstein объединит в союз германию и россию в случае победы на выборах канцлера ,0
минобороны украины сообщило об уничтожении российского десантного катера около острова змеиный,1
российские военные назвали цель второго этапа войны в украине — это полный контроль над донбассом и сухопутный коридор в крым,1
нормальные люди по ночам спят  белорусская милиция объяснила избиения после голосования ,0
на марсе обнаружена российская военная база ,0
«доверия к этим людям давно уже нет»  мария захарова — об украинской делегации на переговорах,1
в москве 24 января пройдет стихийный народный митинг «за суровый суд над изменниками – инициаторами санкций» ,0
названа доля многодетных семей в россии,1
белорусский суд обязал википедию удалить информацию о протестах ,0
власти лнр собрались провести референдум о вхождении в состав россии,1
«я отказываюсь принимать участие в фашистском шабаше  устроенном рогозиным и роскосмосом»  — новое скандальное сообщение робота «федора»,1
евросоюз созывает конференцию по пересмотру итогов нюрнбергского трибунала ,0
россия возместит китаю ущерб от боевых действий на острове даманский ,0
ильхам алиев  азербайджан поддерживает территориальную целостность украины,1
порошенко встретился с сотрудниками завода roshen в липецке ,0
мосгорсуд отменил арест обвиняемым в незаконном задержании голунова полицейским,1
мать «помогла» сыну на собеседовании и лишила его работы,1
фургал попросил адвокатов вызвать психиатров в случае признания им вины,1
михаил дегтярёв обвинил спецслужбы сша в распространении фейковых новостей о нём ,0
зеленский  если на оккупированных территориях проведут «псевдореферендум»  украина прекратит переговоры с россией,1
вместо проскуряковой раздувшийся николаев нашел грудастую брюнетку после новости о разводе,0
на украине автоугонщик с гранатой взял в заложники полицейского,1
песков  санкции против путина показали  что запад способен на любые глупости,1
еще один российский завод внедрил бережливые технологии,1
телеканал «дождь» будет судиться с генпрокуратурой из за блокировки сайта,1
возможный удар по крымскому мосту 9 мая  отмена границ польши с украиной  горящий «адмирал макаров»  главное за день,1
минфин сша ввел санкции против даркнет‑площадки hydra,1
раскрыто требование захватившего полицейского в заложники украинца,1
ирландский рыболовецкий сейнер взял на абордаж российский корвет ,0
«сгорел ребенок  женщине полголовы снесло»  «настоящее время» опубликовало видео из села бузовая  где нашли десятки тел мирных жителей,1
на фиджи арестована яхта  связанная с российским олигархом сулейманом керимовым,1
в красноярском крае из за пожаров перекрыли федеральную трассу  в одном из районов введен режим чс,1
шарапова рассказала о последствиях дисквалификации,1
вслед за списком недружественных государств появится список недружественных национальностей ,0
«я работаю на уровне политиков а не директоров фирм»  президент сингапура дала шокирующее объяснение почему она никогда не встречалась с медведевым ,0
десять населённых пунктов в чехии вернули себе чехословацкие названия ,0
украина сообщила об удачной расшифровке черных ящиков сбитого в иране boeing,1
cnn получил видео  снятое в середине марта в буче  оно показывает российские войска и тела убитых на улицах города,1
«русал» первым среди российских компаний призвал расследовать убийства в буче,1
валерий рашкин  лося мне подбросили ,0
захватившему автобус в луцке предъявили обвинения,1
в госдуме создана комиссия по созданию новых комиссий в госдуме ,0
суд постановил выплатить восемь миллионов рублей двум матерям и их детям  которых перепутали в роддоме в 1982 году,1
президент грузии переименовала батуми в хургаду для восстановления турпотока из россии ,0
«мир должен ужаснуться»  в офисе президента украины прокомментировали сообщения о погибших в буче,1
baza  в барвихе загорелся дом  принадлежащий семье губернатора воробьева,1
суд назначил четырем редакторам журнала doxa по два года исправительных работ  их освободили в зале суда,1
на самолёты нато патрулирующие воздушное пространство вблизи российской границы установят калоприемники ,0
стало известно о «шатании» российского «прогресса» при стыковке с мкс,1
гибдд с помощью дорожных камер в 2021 году впервые наложила штрафы на более чем 100 миллиардов рублей,1
nyt  украина наносит удары по российским командным пунктам при помощи американских разведданных,1
«немного пошалил»  павел дуров взял на себя ответственность за последнюю публикацию в telegram канале дмитрия медведева ,0
максим марцинкевич вошёл в состав белорусского координационного совета по передаче власти ,0
посол нашел несколько причин плохого отношения британии к россии,1
бердымухамедов представил авторское издание «программирование — наука мракобесов» ,0
в российском регионе снесли незаконный памятник сталину,1
путин и курц подписали меморандум о мирном вхождении австрии в состав россии ,0
сша прекратят выплаты за аренду аляски и калифорнии ,0
трамп попросил перенести рейкьявик в великобританию чтобы было ближе лететь ,0
лукашенко пригрозил польше созданием антипольского телеграм канала ,0
минюст рф создал реестр физических лиц «иноагентов»  в него уже внесли журналистов евгения киселева и матвея ганапольского,1
президент генассамблеи оон просит россию не прикармливать представителей бедных стран ,0
турецкие артисты вышли на антивоенный митинг в москве с требованием поставить курдам комплексы с 400 ,0
мошенники под видом сотрудников фбк провели обыск у прокурора в татарстане ,0
нобелевскую премию мира вместо обамы должен был получить шушкевич ,0
певец александр буйнов попал в больницу,1
в луганской области не осталось ни одной уцелевшей больницы — глава обладминистрации,1
handelsblatt  власти германии рассматривают возможность национализации немецких «дочек» «газпрома» и «роснефти»,1
на видео о сбитых беспилотниках азербайджана заметили обломки израильской ракеты,1
гурбангулы бердымухамедов выступит в трех видах спорта на олимпиаде в пекине ,0
the times  россия стягивает на донбасс силы  по численности в пять раз превышающие украинские,1
лукашенко назначил анастасию вашукевич послом беларуси в рф ,0
в энергодаре митингующих разгоняли светошумовыми гранатами  есть задержанные  слышны автоматные очереди,1
полесье объявило о независимости от беларуси ,0
депутаты от украины и литвы вынудили российского представителя в пасе встретить новый год в туалете ,0
суд арестовал владимира кара мурзу по статье о «фейках» про российскую армию,1
вице губернатора случайно выругавшегося на украинском языке во время совещания отстранили на время проверки ,0
посол белоруссии во франции раздавал драники протестующим на площади l’étoile ,0
россия готовит соглашения с «днр» и «лнр» о передаче вывезенных из украины детей сирот в российские семьи,1
сергей собянин пригрозил единороссам арестами если они соберутся на съезд 19 июня ,0
футбольный симулятор fifa 23 станет последней игрой в серии — и будет переименован,1
гурбангулы бердымухамедов стал единственным кандидатом на объявленных им досрочных выборах ,0
россия из за критики передумала отправлять manizha на «евровидение»  вместо неё поедет группа васи ложкина «эбонитовый колотун» ,0
акции оао «российская федерация» выросли после назначения мишустина премьер министром ,0
кадыров объяснил происхождение пулеметов с фотографии для помпео,1
участник переговоров с басаевым оценил решение зеленского после захвата автобуса,1
в белоруссии журналистке телеканала «белсат» предъявили обвинение в госизмене  ей грозит 15 лет тюрьмы,1
наши дети будут голодать из за вас  в тбилиси протестующие сожгли флаг россии в знак протеста против сокращения турпотока из рф ,0
на шествии «бессмертного полка» задержали женщину  которая несла плакат с фотографией воевавшего родственника и лозунгом «он не хотел повторить»,1
навальный  нужно приравнять пропагандистов с тв к военным преступникам и ввести санкции против главы медиахолдинга алины кабаевой,1
в российском селе нашли останки полностью сохранившегося взрослого мамонта,1
раскрыты первые детали iphone 14,1
байден потребовал от тихановской прекратить предоставлять территорию беларуси для российских войск ,0
россиянину запретили охотиться из за квартиры,1
михаил саакашвили назначен мэром столицы боливии ,0
в екатеринбурге на антивоенном пикете задержали активистку с зашитым ртом,1
минфин предложил изъять у россиян излишки денег образовавшиеся во время самоизоляции ,0
назарбаев призвал начать кампанию против «пещерного русского национал фашизма» ,0
губернатор белгородской области сообщил о сильных взрывах в регионе ночью,1
генеральный директор «красной поляны» погиб в горах сочи,1
николас мадуро провел телефонный разговор с мэром ростова на дону ,0
в сети появилось видео обстрела жилых домов в пригороде харькова кассетными бомбами,1
куба подала заявку на вступление в нато ,0
обнаглевшего сына королевой отправят в четырехлетнюю ссылку никакой благодарности,0
мэрия москвы временно запретила смеяться на улице где находится посольство кндр ,0
после начала войны расходы российского бюджета на государственные сми резко выросли  в марте на них потратили почти 12 миллиардов рублей,1
«важные истории»  в дубае обнаружена недвижимость более ста российских депутатов  чиновников  соратников кадырова и фигурантов уголовных дел,1
ск попросили «расследовать преступные действия» путина в отношении украины  следствие не нашло «признаков противоправного деяния»,1
google  подход к отображению секретных объектов рф на картах не менялся,1
пентагон заявил о «безнравственности» путина в украине,1
дегтярев предупредил об угрозе провокаций на митингах в хабаровском крае,1
берлускони  я очень разочарован поведением путина  он казался мне человеком здравого смысла,1
число заразившихся коронавирусом в мире превысило 15 миллионов,1
208 детей погибли в украине из за вооруженной агрессии россии — генпрокуратура украины,1
навальный рассказал  что его переведут в колонию строгого режима в мелехово  там для него строят «тюрьму в тюрьме»,1
шнуров отреагировал на повышение цен на водку матерным стихотворением,1
владимира кара мурзу арестовали на 15 суток,1
зеленский после встречи с генсеком оон  украина готова к переговорам для эвакуации мирных жителей с «азовстали»,1
«семью с ребенком сожгли в подвале»  глава харьковской ова рассказал  как российские военные убивали мирных жителей,1
прокурор запросил два года исправительных работ редакторам doxa  обвиняемым в «вовлечении несовершеннолетних в протесты»,1
британец публично осудил бориса джонсона и королеву елизавету чтобы не потерять рабочее место в мгу ,0
bosch заблокировала все стиральные машины в белом доме до 20 января ,0
сша ополчились на одну из богатейших стран европы,1
«россия пошла на нас злом таким  паршиво»  украинские журналисты нашли бабушку с красным флагом  которую использует российская пропаганда,1
в мозамбике из за штамма “омикрон” отменили традиционный госпереворот ,0
гур украины  российские военные  совершившие геноцид в буче  возвращаются в украину,1
по итогам торгов на мосбирже доллар и евро подорожали  это произошло после смягчения банком россии мер валютного контроля,1
«совершенно невиновного человека путинские палачи убили за то  что мы с ним однофамильцы»  алексей навальный — о гибели жителя бучи ильи навального,1
курьеры перенесли автомобиль и спасли застрявшую под ним велосипедистку,1
российский певец отселил бывшую жену в дом за 70 миллионов рублей,1
ркн запретил сми размещать негативные новости рядом с материалами про успехи страны и единой россии ,0
трамп высказался о ситуации с коронавирусом в россии после разговора с путиным,1
«медиазона»  из учебников издательства «просвещение» убирают упоминания киева и украины,1
как получить кредит в банке после обращения в мфо ,0
одержимая фанатка киану ривза начала преследовать его возлюбленную,1
президент южной осетии анонсировал «юридические шаги» для вхождения в состав россии  в абхазии заявили  что не собираются присоединяться к рф,1
власти франции готовятся к переименованию государства ,0
путин поддержал предложение еженедельно исполнять гимн в школах,1
в ответ на санкции евросоюза лукашенко повысил всех белорусов в воинском звании ,0
роскомнадзор обвинил «википедию» в «антироссийской интерпретации» событий в украине  ведомство требует удалить пять статей о войне,1
в связи с тяжёлой экономической ситуацией мишустин попросил россиян уменьшить диаметр блинов ,0
автора telegram канала «протестный мгу» арестовали на 25 суток  дмитрия иванова задержали на выходе из спецприемника,1
верховная рада запретила символы z и v — и признала российское вторжение в украину геноцидом,1
сергей скрипаль стал членом палаты лордов великобритании ,0
госдеп обязал ведущие российские компании создать представительства в сша ,0
нам об этом пока ничего не известно  песков отреагировал на предложение воз назначить путина главой организации после 2024 года ,0
конгресс сша эвакуировали из за подозрительного самолета  это оказался борт с парашютистами американской армии,1
утвержден новый военный флаг казахстана ,0
ущерб зданиям и инфраструктуре украины достиг  60 млрд  только в харькове уничтожено 1929 жилых зданий,1
на антивоенных акциях в россии задержали более 200 человек,1
госдума приняла закон разрешающий назарбаеву участвовать в выборах 2024 года ,0
украина согласовала гуманитарный коридор из мариуполя в запорожье  мэр города призвал жителей эвакуироваться,1
вместо шампанского cristal гостям пмэф предложили «виноградный день» ,0
жизнь в кладовке пьянство и мысли об уходе в монастырь нелегкая судьба актера лыкова,0
отказ швеции от карантина ради спасения экономики не оправдал себя,1
коронавирус назвали непобедимым,1
украинский омбудсмен сообщила  что в россию во время войны насильно вывезли 400 тысяч украинцев,1
«яндекс деньги» перешли к сбербанку,1
депутат госдумы виктор ан обратился к коллегам из госдумы с просьбой не запрещать k pop ,0
генпрокурор краснов предложил запретить используемые «в экстремистских целях» «флаги  значки и мемы»,1
мвд украины объяснило штурм после задержания террориста,1
гурбангулы бердымухамедов выступит на евровидении от туркмении ,0
россиянам рассказали о проблемах винных напитков,1
reuters  евросоюз перенес полный запрет на импорт российского угля на середину августа,1
«в канун пасхи в жилой дом прилетает крылатая ракета  погибает семья  как это все бьется »  максим галкин попросил объяснить обстрел одессы,1
еврокомиссия официально анонсировала новые санкции ес  среди них — запрет на работу транспортных компаний из россии и беларуси,1
associated press  при бомбардировке драматического театра в мариуполе могли погибнуть до 600 человек,1
би би си узнала имя еще одного срочника  пропавшего после обстрела и затопления крейсера «москва»,1
российский космонавт с мкс  акция в поддержку навального с фонариками угрожает стабильной работе станции ,0
ратко младич  «однажды я рассказал шойгу как с помощью баржи и трех десятков мусульман можно устроить сербам праздник  мы долго хохотали» ,0
зеленский  «вы еще не видели  что они сделали в мариуполе  там почти на каждой улице то  что мир увидел в буче»,1
генри киссинджер отметил 99 летие в крыму ,0
больше сотни дельфинов окружили рыбаков и попали на видео,1
в россии запустили продажу туров в турцию,1
«первый канал» посвятил полчаса сюжету о пользе хозяйственного мыла и вреде «импортной химии» ,0
по просьбам россиян цик проведет эксперимент с безальтернативным голосованием в нескольких регионах ,0
отвлечение внимания от суда над навальным станет основой военной доктрины россии в 2022 году ,0
15 летний гонщик из россии вскинул руку в нацистском приветствии на пьедестале чемпионата европы по картингу  его мать сказала  что он «послал сердечки» команде,1
«яндекс» и mail ru удалили из поисковой выдачи ссылки на сайты instagram и facebook,1
канада ввела санкции против 14 россиян  среди которых набиуллина  ролдугин и дочери путина,1
минобороны показало моряков крейсера «москва» — около 100 человек  в украине заявляли о гибели экипажа  который оценивали в 500 700 человек,1
россия признает независимость косово в обмен на признание крыма ,0
по киеву и харькову нанесены ракетные удары  сообщается о погибших и раненых,1
андерс брейвик вышел из тюрьмы по удо ,0
конгресс сша запретит считать идиотами представителей демократической партии ,0
тысячи французов ошибочно депортированы из франции ,0
путин приказал отменить штурм «азовстали» в мариуполе,1
росавиация продлила запрет на полеты в 11 южных аэропортов,1
насильно притянула тоскующая без мужика волочкова вцепилась в известного красавца,0
блинкен подтвердил что граждане ссср не попадут под санкции ,0
ужасы из северной кореи снимали в городах южной кореи ,0
критику рпц со стороны молодежи объяснили,1
талибы запретили афганским женщинам выходить на улицу без бурки  закрывающей лицо,1
болгары выстроились в очередь за «ладой» без abs чтобы поддержать россию ,0
женщина попыталась найти убийцу для бывшего мужа через интернет и попалась,1
песню “государство” группы lumen внесли в реестр экстремистских чтобы защитить молодёжь ,0
в самолёте ангелы меркель нашли следы от галош и две пустые бутылки водки ,0
хакеры гру атаковавшие правительство сша забывали отключить вебкамеру ,0
the moscow times сообщило  что администрация президента запретила «яндексу» продавать «новости» и «дзен»  в компании это отрицают,1
мид германии объявил 40 российских дипломатов персонами нон грата  это ответ на убийства российскими военными жителей бучи,1
премьер министр нидерландов заявил  что мирный договор с украиной «под дулом пистолета» не ослабит санкции против россии,1
большой театр отменил балет серебренникова и оперу кулябина  ранее оба режиссера выступили против войны,1
госдума сократит часы на изучение английского языка в ответ на недопуск сенаторов в оон ,0
«газпром» собрался взять в долг и отдать неизвестно когда,1
вернувшегося посла сша поселят за 101 километр от москвы ,0
в госдуме поставили под сомнение легитимность создания израиля ,0
обсе сообщила о задержании своих сотрудников в донбассе,1
в бурятии тренера спортивной школы трижды оштрафовали за сорванные буквы z  доказательства по делу предоставило руководство учебного заведения,1
в россии задержали политолога федора крашенинникова,1
красный крест не смог добраться до мариуполя  предполагалось  что его сотрудники обеспечат безопасную эвакуацию жителей,1
евросоюз анонсировал новые санкции против россии  запреты коснутся российских кораблей  четырех ключевых банков и импорта товаров,1
папа римский причислил навального к лику святых ,0
вмф нидерландов закрепили за представителями лгбт сообщества ,0
оон объявила о переименовании в лигу наций ,0
на нефтебазе в брянске произошел пожар,1
коммунисты проведут ленинградский международный экономический форум ,0
величайшая афера xx века  американцы доказали что гагарин никогда не летал в космос ,0
сша потребовали закрыть консульство китая,1
группа иранских хакеров взломала тамагочи ,0
тасс сообщил о том  что австрия будет платить за российский газ в рублях  канцлер австрии опроверг эту информацию,1
посольство франции в россии с 1 апреля начнет выдавать туристические визы,1
аркадий ротенберг построит мост из армении в нагорный карабах ,0
мок обяжет российских олимпийцев мыть полы в перерывах между соревнованиями ,0
опубликована переписка с женихом убитой накануне свадьбы москвички,1
я подчинюсь только горбачёву  министр финансов эстонии отказался уйти в отставку ,0
украинские пограничники задержали двух бомжей и лесника а затем назвали это предотвращением массового прорыва нелегальных мигрантов ,0
100  жителей туркмениcтана поддержали переименование столицы в гурбан гулы ,0
российские войска нанесли ракетный удар по одессе  погиб как минимум один человек — мвд украины,1
опубликован первый снимок другой солнечной системы,1
еспч признал незаконным разгром войск карла xii под полтавой ,0
французские власти объяснили массовые аресты «жёлтых жилетов» борьбой с коронавирусом ,0
в буче в одном из подвалов военные рф удерживали 25 женщин  которых регулярно насиловали  девять из них беременны — омбудсмен украины,1
следственный комитет белоруссии вызвал джо байдена на допрос по делу о покушении на александра лукашенко ,0
россиян обязали удалить аккаунты в twitter  и facebook  до 1 июля ,0
суд разрешил экстрадицию джулиана ассанжа в сша  теперь решение за главой мвд великобритании,1
британский эсминец «дефендер» пригласят в севастополь для участия в параде в день памяти воинов павших в крымской войне ,0
мид разрешит использовать в официальных документах слово пиндосы ради величия россии ,0
каспаров анонсировал выпуск паспортов сносного русского и терпимого русского ,0
«остановите войну»  в магазинах казани активисты заменили ценники на антивоенные,1
россия и китай подписали соглашение о совместном использовании ядерной ракетной базы на луне ,0
«отвергайте каждый контракт  поддерживающий войну и пропаганду» — покинувший рф экс замгендиректора «аэрофлота» обратился к коллегам,1
в эстонии неизвестными взорван памятник эсэсовцам ,0
сан марино отказалось закрывать воздушное пространство для российских самолётов ,0
«договорились оставить прошлое позади»  президенты украины и германии провели 45 минутный телефонный разговор,1
италия вернула украине армян эвакуировавшихся под видом сотрудников посольства ,0
робот фёдор возглавит комиссию по валидации итогов дэг в москве ,0
россиянка засудила туристическую компанию из за холодного моря и выиграла деньги,1
«проект»  из кремля уволился личный оператор путина  это произошло после записи объявления войны против украины,1
по статье о «дискредитации российских вооруженных сил» заведено 1000 административных дел — «овд инфо»,1
российского посла в польше облили красной краской  когда он хотел возложить цветы к мемориалу советских солдат,1
от учителей во время войны требуют поддерживать российскую армию в соцсетях  the insider ознакомился с методичками минобразования,1
далай лама станет участником переговоров в «нормандском формате» ,0
в связи с забастовкой из посольств израиля временно вывезут все атомные бомбы ,0
раскрыты сроки выхода консолей нового поколения,1
американский сенатор  сша помешали планам гитлера напасть на израиль ,0
в харькове хулиганы напали на российских диверсантов приняв их за украинцев ,0
долгожительница точно предсказала дату и время своей смерти,1
названа средняя цена элитной квартиры в москве,1
«за меня люди месяцами на митинги ходили»  дегтярёв предсказал свою победу на грядущих губернаторских выборах ,0
памфилова разрешила аннулировать голоса за кандидатов от умного голосования ,0
чулпан хаматова ушла из «современника»  ее попросили написать заявление после антивоенных высказываний,1
император нарухито сменил имя на наруто ,0
госбанки обяжут выдавать чиновникам автокредиты и ипотеку с отрицательной ставкой ,0
сын экс главы ржд якунина выступил против войны в украине и заявил  что никогда не голосовал за путина,1
джо байден дал старт работе пасеки в техасе ,0
мид казахстана не исключил запрета на въезд тиграну кеосаяну  который обвинил казахов в «хитрожопости» и пригрозил стране судьбой украины,1
в буче снимут документальный фильм о геноциде мирных жителей  для работы над проектом в украину приехал сценарист «карточного домика»,1
в украине арестовали имущество кума путина медведчука и его жены  26 автомобилей  30 участков  23 дома  32 квартиры  17 паркомест и яхту,1
депутат пришел на акцию «бессмертный полк» с портретом погибшего при обстреле в харькове узника фашистских лагерей  его задержали,1
ик 2 во владимирской области внесена в список организаций иноагентов ,0
readovka сообщила о гибели 13414 российских военных в украине  а потом сказала  что ее взломали,1
переболевшие коронавирусом пациенты пожаловались на облысение,1
мишустин оценил идею замены учителей компьютерами,1
байден по ошибке потребовал освободить ассанжа вместо навального ,0
губернатор брянской области заявил о повреждении 100 домов из за украинских обстрелов,1
россия запросила заседание совбеза оон в связи с «чудовищной провокацией украинских радикалов в буче»,1
участницу pussy riot марию алехину объявили в розыск,1
президент польши объявил о возможном вводе войск в белоруссию ,0
«мы будем молиться за украину»  генсек нато рассказал о методах сдерживания российской агрессии ,0
в антверпене закрылся старейший в европе бордель с обезьянами ,0
в омской области пожары уничтожают жилые дома  губернатор дал поручение ввести в регионе режим чс,1
япония вводит санкции против премьер министра мишустина и родственников миллиардера тимченко,1
в россии испытали новый вертолет для спецназа,1
украина отменила визы для шести стран,1
международный исторический суд в калининграде похвалил финляндию за извинения перед россией за начало зимней войны ,0
“праздника в этом году не будет”  неизвестные угнали бриг россия с алыми парусами в финляндию ,0
словения изменит свой флаг из за схожести с российским ,0
специалисты по бальзамированию не могут вернуться в россию из северной кореи ,0
шойгу предложил присваивать игрокам world of tanks статус ветерана танковых войск ,0
германия оспорит в еспч акт о безоговорочной капитуляции ,0
рпц разрешила въезд на территорию храмов на электросамокатах мощностью до 05 квт ,0
на украине подожгли дом борца с коррупцией,1
записи переводчика на встрече путина и трампа отказались публиковать,1
протестующие в вашингтоне сожгли посольство черногории ,0
григорий явлинский призвал избирателей не голосовать за андрея пивоварова ,0
президент чехии попросил путина отправить стране запасы пива балтика ,0
возмущенные гости отказались идти на свадьбу из за чересчур строгого дресс кода,1
посол китая попросил руководство ельцин центра «не докучать ему своими приглашениями» ,0
вице премьер украины заявила  что на 13 апреля не удалось открыть ни один гуманитарный коридор для эвакуации мирных граждан,1
ким чен ын предложил трампу купить пирамидку здоровья ,0
госдепартамент  украина готовит концлагеря для русскоязычных жителей донбасса но россия «слишком слаба» чтобы вмешаться ,0
мид рф закрыл въезд в россию главе meta марку цукербергу и главреду англоязычной «медузы» кевину ротроку,1
роскомнадзор заблокировал сайт антивоенного комитета россии  под блокировку попал проект помощи эмигрантам «ковчег»,1
верховная рада заявила о «недопустимости присвоения» россией победы над нацизмом  и сравнила россию с нацистской германией,1
в россии объяснили выбор танзании в качестве одной из первых открытых стран,1
джо байден получил медаль за успехи в джихаде ,0
жительницу улан удэ арестовали на пять суток  она попросила водителя маршрутки убрать из салона букву z,1
жители берлина избили депутата партии «зелёных» пообещавшего бороться с глобальным потеплением ,0
«радио свобода» будет распространять листовки с распечатками запрещённых эфиров ,0
поребрики на невском проспекте заменят бордюрами ,0
в совфеде оценили закон о многодневном голосовании на выборах,1
сша помогут поставить в украину танки советского производства,1
ученые обнаружили новый штамм плотоядных бактерий в косметической продукции иностранных компаний ,0
в екатеринбурге девушку задержали за плакат с цитатой из конституции,1
в сша из за китая вспомнили утонувший российский «фобос грунт»,1
минобрнауки потребовало от вузов перенести свои видео с youtube на российские платформы,1
в список террористов росфинмониторинга внесли тренера кунг фу из мелитополя  его жена сообщала о похищении,1
зеленский пригрозил ввести санкции против семьи байдена если украину не примут в нато до конца года ,0
королева елизавета ii посвятила анатолия чубайса в рыцари ,0
гетеросексуал заразился коронавирусом и признался в занятии сексом с мужчинами,1
«тараканы » выступят в наполовину заполненном зале,1
президент эстонии заявила что не приедет в москву на празднование годовщины октябрьской революции ,0
американского сенатора покаявшегося перед индейцами исключили из партии ,0
вкс россии по просьбе запрещённой террористической группировки талибан проведут антитеррористическую операцию против мятежников в панджшерском ущелье ,0
американский дипломат нашёл украденную у него люстру в большом театре ,0
el pais сообщила о планах обязать страны ес делиться друг с другом газом  дмитрий медведев увидел в этом «призрак коммунизма»,1
«коммерсант»  владелец франшизы kfc решил продать бизнес в россии,1
россия объявила о готовности объявить «режим тишины» в мариуполе для эвакуации мирных жителей,1
партия «яблоко» обжаловала в еспч присуждение премии сахарова алексею навальному ,0
сша  российские военные казнили украинцев  пытавшихся сдаться в донецке,1
в москве появились плакаты «мы против нацизма  а они нет» с цитатами астрид линдгрен и ингмара бергмана  премьер министр швеции назвала их «совершенно неприемлемыми»,1
в совфеде призвали амнистировать россиян застрявших за границей из за пандемии ,0
россия введет санкции против алексея навального и «шарите» ,0
канада ввела санкции против 33 российских предприятий оборонного сектора,1
на границе с украиной погиб российский солдат  ранее о потерях россии на своей территории не сообщалось,1
российские производители алкоголя не смогли поставить продукцию в магазины из за ddos атаки сторонников украины,1
в российских школах начнут изучать историю с первого класса — минпросвещения,1
жириновский раскрыл планы фургала уйти в отставку еще до задержания,1
власти ес предложили направить замороженные средства центробанка рф на восстановление украины,1
участникам московских митингов дадут отопление только в декабре ,0
сша ввели экспортные санкции в отношении «аэрофлота»  utair и azur air,1
леонид слуцкий возглавит «ска хабаровск» ,0
врач дал советы отправляющимся за границу россиянам,1
гендиректор белавиа  «самолёты себя не оправдали» ,0
в киеве с начала войны повреждено 27 детских садов  44 школы и более 150 многоквартирных домов — мэрия,1
монолитные работы начались на станции зил троицкой линии метро,0
вице спикер госдумы петр толстой предложил построить пять деревень на берегу женевского озера ,0
нато и сербия достигли соглашения по оплате урановых снарядов примененных во время бомбардировок в 1999 году ,0
штабы навального откроются в сизо и колониях ,0
«решение пересмотру не подлежит» — «тинькофф банк» заблокировал счет журналиста андрея захарова без объяснения причин,1
«настоящее гетто» — советник мэра мариуполя опубликовал видео из фильтрационных лагерей  в которых российские военные содержат украинцев,1
«лучше бы моей знаменитости не было и войны не было»  украинские власти показали «бабушку с флагом»  ставшую символом пропаганды рф,1
перебравшая компания из шайбенхардта заблудилась и случайно захватила эльзас ,0
в аризоне нашли тайный командный пункт управления трампом ,0
«мы писали и будем писать о том  как люди в регионах переживают войну»  журнал «люди байкала» рассказал о блокировке,1
зеленский включил ивангая в нацсовет по делам голодомора а дудя   в санкционный список ,0
лавров про «гитлера еврея»  ракетный удар по одессе  вице президент «газпромбанка» без денег в «газпромбанке»  главное за день,1
«коммерсант»  владелец holiday inn планирует уйти из россии,1
компания danone прекратила импорт в россию растительного молока alpro,1
россияне нашли место для самоизоляции на случай второй волны коронавируса,1
в москве задержан активист и автор канала «протестный мгу»  его доставили в отдел полиции и хотят оставить там на ночь,1
британское телевидение вырежет из мультфильма «чебурашка и крокодил гена» старуху шапокляк ,0
в белоруссии накрыли притон с почтовыми голубями агитирующими за оппозицию ,0
тихановская подписала указ о продаже «белавиа» ирландской ryanair за 1 евро ,0
колумбия подала в суд на армению за плагиат флага ,0
оон спустя 21 год все же выдала нато мандат на бомбардировки югославии ,0
депутат слуцкий поможет «скопинскому маньяку» освоиться в госдуме ,0
лидеры g7 пообещали усилить поддержку украины и заявили  что  начав войну  путин «навлек позор на россию»,1
в санкт петербурге появился кокос беглова ,0
на сайте цру появились вакансии в отдел разработки конституций для восточноевропейских стран ,0
в редакции алтайской газеты «листок» и у ее сотрудников прошли обыски  главный редактор задержан,1
партия виктора орбана в четвертый раз победила на выборах в венгрии,1
в совете федерации предложили ввести обязательное лицензирование кухонных обсуждений политики ,0
вместе с выборами в госдуму в сентябре пройдёт всероссийский референдум о возвращении крепостного права ,0
трамп подарил премьер министру японии точную копию «малыша» ,0
в москве полиция задержала владимира кара мурзу,1
wikileaks  новейшая китайская ракета работает на угле и обслуживается командой кочегаров комсомольцев ,0
в контейнерах с бананами из эквадора обнаружили 3 5 тонны кокаина стоимостью полмиллиарда евро  груз направлялся в россию,1
«меня решили отменить в россии»  в москве второй день снимают с показов спектакли юлии ауг,1
в новогоднюю ночь федеральные каналы покажут повтор «прямой линии» с путиным вместо «голубого огонька» ,0
nyt  гранаты  взорванные в приднестровье  используют только россия  габон и само приднестровье,1
нпф захотели больше заработать на пенсионерах,1
музейные экспонаты передадут на ответственное хранение чиновникам ,0
от охранника в аэропорту до курьера  предприимчивые грузины начали собирать с айтишников из россии “покаянные взносы” ,0
в результате обстрела николаевской ога погибли 36 человек,1
россиян призвали участвовать в чемпионате творческих компетенций artmasters,1
пётр порошенко выпустил фильм расследование о дворце зеленского ,0
иран пригрозил израилю фаянсовым джихадом ,0
в забайкалье впервые пройдут выборы «смотрящего» ,0
взрыв сумки с пиццей в центре москвы показали на видео,1
в ульяновской области мужчина убил двух детей в детском саду и покончил с собой,1
«коммунистическая атлантида»  зачем китай насыпал остров размером с японию посреди атлантического океана ,0
риа новости и тасс сообщили о еще 40 эвакуированных из «азовстали»,1
генпрокуратура россии признала «крымскую правозащитную группу» нежелательной организацией,1
воронежский губернатор предложил приходить на «бессмертный полк» с портретами участников войны в украине,1
у российских наёмников изъяли медали за возвращение белоруссии ,0
взлетно посадочную полосу аэропорта в ашхабаде покроют коврами для более мягкой посадки личного самолета президента ,0
ес готов предоставить безвизовый режим российским «иностранным агентам» ,0
рбк  олег тиньков ведет переговоры о продаже доли в tcs group  владеющей «тинькофф банком»,1
рамзан кадыров получил погоны генерал лейтенанта,1
математику азату мифтахову снизили срок пребывания под стражей на три месяца,1
аналитики прогнозируют восстановление экономики россии после санкций за 10 лет  экономика украины вернется к довоенному уровню за пять лет,1
в правительстве предложили легализовать глагол ложить ,0
опубликовано видео с телами погибших возле комбината имени ильича в мариуполе  о взятии под контроль этой территории накануне объявило минобороны рф,1
внук алана даллеса стал заместителем директора цру ,0
суд обязал вшэ закрыть единственный в россии туалет для трансгендеров ,0
это музейный экспонат  губернатор омской области отказался вернуть одежду навального ,0
турция закрыла небо для российских самолетов  направляющихся в сирию  там вербуют наемников для участия в войне в украине,1
данные о повторном случае заражения коронавирусом в россии прояснили,1
путин подписал указ о запрете закупать иностранное по для объектов критической информационной инфраструктуры,1
«яндекс» отозвал прогноз по своим финансовым показателям и объявил о приостановке инвестиций,1
макрон заявил  что россии придется ответить за преступления в буче  а шольц обсудит с партнерами новые санкции,1
дональд трамп похвалил сталина ,0
пушков потребовал выбросить космонавтов наса с мкс пока сша не отменят санкции против россии ,0
российские воспитатели решили наказать мальчиков и насильно надели на них платья,1
зеленский сообщил об эвакуации 100 мирных жителей с территории завода «азовсталь» в мариуполе,1
мариупольский горсовет  российские военные начали эксгумировать тела людей  похороненных во дворах,1
гималайский медведь воровал мед у диких пчел и попал на видео,1
во фсин рассматривают предложение привлекать осужденных it специалистов к удаленной работе на российские компании,1
григорий явлинский  «этот дом я выиграл в лотерею для вакцинированных от коронавируса» ,0
госдеп наградил автора лучшего фейка о россии ,0
«он не является гражданином россии» — песков прокомментировал предложение обменять кума путина медведчука на украинских пленных,1
британские спецслужбы проверят все птичьи экскременты на отравляющие вещества ,0
росавиация вновь продлила режим ограничения полетов на юге рф  из за войны 11 российских аэропортов закрыты уже 2 5 месяца,1
минобороны рф объявило об уничтожении у змеиного двух украинских самолетов и вертолета  в украине — об уничтожении трех российских катеров и вертолета,1
решение о возможном увеличении скорости на м 11 и м 4 примут за месяц,1
в госдуме обсудят введение акциза на плавленные сырки ,0
в казахстане арестовали нурсултана назарбаева ,0
эксперты пентагона безуспешно потратили полгода и миллионы долларов на взлом электроники в российских т 72 ,0
под минском появится аналог горы рашмор с изображением всех президентов белоруссии ,0
дочь советского адмирала выгнали из квартиры в центре москвы,1
рабочих во владимирской области обучат бережливому производству,1
невзоров принял крещение в украинской православной церкви ,0
16 летняя внучка кобзона попозировала в бикини на яхте,1
у известного борца с коррупцией из рязани нашли недвижимость в стране нато ,0
сербия выдала сша зенитчика обвиняемого в покушении на жизнь американского пилота в 1999 году ,0
российского летчика константина ярошенко обменяли на американского студента тревора рида,1
генерал фсб оценил идею о возвращении в паспорт графы о национальности,1
си цзиньпин поблагодарил иа панорама за объективное освещение ситуации с коронавирусом 2019 ncov ,0
девушка поделилась откровенными фото и заинтересовала полицию,1
футбольному клубу «красава» евгения савина запретили тренироваться в красногорске — на следующий день после того  как блогер выпустил видео о войне в украине,1
жителей хакасии с новым годом поздравит иосиф сталин ,0
подозреваемую в убийстве доцента вгик отказались арестовать из за возраста,1
лукашенко выдвинули на нобелевскую премию мира ,0
словакия потребовала от россии сократить персонал посольства на 35 человек,1
швеция разместит миротворческий контингент под полтавой 23 февраля ,0
собянин развеял слухи о введении новых ограничений в москве,1
россия за вечер выпустила девять ракет по инфраструктуре кременчуга — глава полтавской администрации,1
мид армении опроверг информацию о ящиках с абрикосами выпавших из автомобиля посольства ,0
самый богатый российский сенатор в 2021 году заработал более 4 миллиардов рублей  такой доход задекларировал валерий пономарев,1
фрс сша повысила базовую ставку до 0 75–1   это рекордное повышение с 2000 года,1
застрелившая двух террористов афганская девушка убила мужа,1
глава комитета начальников штабов сша сообщил об ошибках в рассылке «умного голосования» ,0
«это не прокручивание средств и не коррупционная схема»  в фонде «подари жизнь» ответили на обвинения в отмывании 1 млрд рублей,1
ск завёл дело по факту насильственного захвата власти в 1917 году ,0
президент венесуэлы запретил распространение коронавируса ,0
«мы бы разнесли их страну в щепки»  президент латвии раскритиковал слабый ответ сша на атаки ирана ,0
база данных web of science стала недоступна для российских ученых,1
youtube заблокировал канал госдумы  мария захарова заявила  что сервис «подписал себе приговор»,1
в днр заявили о прорыве на переговорах по донбассу,1
макларен  хотели дисквалифицировать путина но увы не смогли ,0
20 сотрудников google вступили в ряды республиканской партии ,0
анб проверит причастность российских спецслужб к заражению джен псаки коронавирусом ,0
avito начал автоматическое оформление покупки просмотренных квартир ,0
новым пресс секретарем белого дома назначена карин жан пьер  она станет первой темнокожей и первой представительницей лгбт на этом посту,1
россия использует украинских детей для получения информации о позициях всу  выявлено уже восемь таких случаев — генпрокурор украины,1
еврокомиссия обязала сми называть российских журналистов пропагандистами ,0
российские военные похитили бывшего главу херсонской облгосадминистрации андрея путилова,1
брянского депутата лишили внж великобритании из за рассказов об ужасах прогнившего запада ,0
участница pussy riot люся штейн срезала браслет слежения и уехала из россии  мария алехина тоже срезала — и теперь ей грозит реальный срок,1
двое сыновей депутата госдумы получали детское пособие до 40 лет ,0
генпрокуратура украины  под харьковом российские войска обстреляли эвакуационные автобусы  7 человек погибли,1
wargaming — разработчик world of tanks — объявил об уходе из россии и беларуси,1
зеленский  если бы украина была в нато  войны не случилось бы,1
власти подмосковья отметили рост интереса жителей к занятиям спортом,1
у россиянина дома нашли 300 контейнеров черной икры,1
мединскому поставят памятник на украине ,0
эксперты проанализировали изменения в избирательном законодательстве россии,1
чешские власти не разрешили российским дипломатам вывезти велосипеды до их проверки на угон ,0
госдеп ввёл санкции против россиян посмотревших пиратскую версию фильма о навальном ,0
карин жан пьер станет новым пресс секретарем белого дома  джен псаки покинет должность 13 мая,1
минобороны армении заказало на 2ch более 1000 провокационных картинок для деморализации жителей азербайджана ,0
путин подписал указ о приостановке соглашений об упрощенной выдаче виз с ес  норвегией  данией  исландией  швейцарией и лихтенштейном,1
посол китая в россии  у меня на родине волгоград до сих пор называют сталинградом ,0
сми  улюкаев сломал нос тюремному официанту из за теплого хереса ,0
военная авиация сша может начать сбрасывать гуманитарную помощь на каракас ,0
intel начал выводить из строя процессоры российских пользователей с помощью своих драйверов ,0
«юла» и avito опровергли утечку данных сотен тысяч пользователей,1
в волгоградской области на учет поставили 11 летнего ребенка  который якобы распространял информацию  «дискредитирующую вооруженные силы рф»,1
болеет очень сильно фото кривого лица заворотнюк после процедур слили в сеть,0
зеленский  «мы бьемся за свободу для своих детей  а значит  победим  скоро в украине будет два дня победы»,1
в литве из за санкций застряла тысяча российских вагонов  следующих в калининград,1
в госдуме предложили лишить манижу российского гражданства ,0
состав бундестага будет согласовываться с российским представителем ,0
меня узнали и пришлось показывать фокусы с кошками  зюганов рассказал о своём отдыхе в киргизии ,0
«страну они не получат»  трамп высказался о других кандидатах ,0
в москве прошёл митинг за введение платных лифтов «как в свободных странах» ,0
российским оппозиционерам будут принудительно выдавать украинское гражданство ,0
алиев подписал указ о вхождении озера севан в состав азербайджана ,0
бельгия вышлет королевскую семью в конго в качестве компенсации за многолетнее угнетение ,0
российский губернатор описал попытки попасть к врачу с дочерью,1
день взятия киева стал государственным праздником в монголии ,0
флагман черноморского флота рф крейсер «москва» поражен двумя ракетами «нептун» — глава одесской ова  обновлено ,1
емельяненко прокомментировал поражение от исмаилова,1
шойгу присвоил лукашенко звание полковника внутренних войск ,0
всу  в одессе обстрелян ракетами аэропорт  повреждена взлетно посадочная полоса,1
в госдуме впервые исполнили гимн сша ,0
лавров нанесет внеплановый визит в сша по поводу обыска у дерипаски ,0
российским губернаторам по ошибке отправили портреты елизаветы ii и флаги великобритании ,0
кадыров стал генерал майором росгвардии,1
в результате ракетного удара по киеву погибла журналистка «радио свобода» вера гирич,1
государство рф не найдено  электронная проходная совбеза оон полдня не пускала российских дипломатов ,0
вакцинация владимира путина от covid 19 отменена из за его опоздания в поликлинику ,0
в америке издали сборник твитов дональда трампа ,0
индия отказалась от российской нефти urals в новой закупке  россия предлагала за нее значительную скидку,1
ватикан объявил о намерении вступить в нато ,0
huawei удалила из appgallery приложения российских банков  попавших под санкции,1
страны ес согласовали новый пакет санкций  он включает в себя запрет на импорт российского угля,1
в российской больнице для детей появились два новых аппарата ивл,1
ск обвинил президента аргентины в намеренном заражении коронавирусом после вакцинации «спутником v» ,0
в турции рассказали об отношении к первому намазу в соборе святой софии,1
украинские сми сообщают о новых ракетных ударах по одессе  в городе загорелся торговый центр,1
россия нанесла новый ракетный удар по одессе  власти региона сообщают о погибших,1
bloomberg  майкл калви уехал из россии,1
«он уже не сотрудник  не принимает решения  занят своим здоровьем» — банк «тинькофф» об антивоенном посте олега тинькова,1
шаман габышев и схиигумен сергий станут лидерами объединённой российской оппозиции ,0
лидер «пошлой молли» прокомментировал обвинения в домогательствах к 17 летней,1
youtube по требованию роскомнадзора заблокировал видео с песней «хотят ли русские войны»  в роскомнадзоре заявили  что их неправильно поняли,1
«талибан»  назначил «кандагарского мясника» послом афганистана в россии ,0
кнессет постановил считать еврейскую ао территорией израиля ,0
шеф повар российского ресторана вышел с меню к властям и получил штраф,1
блогерша придумала способ проверять мужчин на верность,1
олег дерипаска торжественно принят в ряды кпрф ,0
европейские банки понесут убытки в сотни миллиардов евро,1
россия опровергла обвинения в сговоре по делу mh17,1
пора вернуть жизнь в привычное русло  собянин анонсировал возвращение qr кодов в москве ,0
в жилом доме в подмосковном ступино взорвался газ  погибли шесть человек  включая троих детей,1
американские социологи предсказывают победу на выборах президента россии григорию явлинскому ,0
певица manizha получит депутатский мандат за победу на «евровидении» ,0
власти украины  с «азовстали» эвакуированы все женщины и дети,1
уволенный из генпрокуратуры полковник назвал драку с полицейским недоразумением,1
германия встала на защиту «северного потока 2»,1
поклонская  буква z символизирует трагедию и горе как для россии  так и для украины,1
путин примет личное участие в пхеньянском саммите народных демократий ,0
коммунисты нигерии раздали по одному ведру нефти своим избирателям ,0
бывший советник главы кгб беларуси создал телеграм канал про соблюдение прав человека ,0
«почти в каждом доме по три свиньи и волчий труп»  азербайджанские военные рассказали о психологической атаке со стороны армянской армии ,0
monotype заблокировала доступ к своей библиотеке шрифтов для россиян,1
байден объявил о вводе войск в афганистан в ответ на теракт в аэропорту кабула ,0
албания обвинила россию в уничтожении олбанского языка ,0
международная автомобильная федерация начала расследование против 15 летнего гонщика из россии из за нацистского приветствия  сам подросток извинился,1
слитая переписка  после покупки twitter илон маск первым делом забанит «надоедливых русских спрашивающих как ему такое» ,0
кндр отменила смертный приговор михаилу горбачеву за развал ссср ,0
депутаты предлагают убрать из бюджета расходы на борьбу с коррупцией ,0
запрет транзита газа и высылка россиян обратно  верховная рада ввела новые санкции против рф ,0
для поддержания порядка во время карантина германия ввела войска на территорию польши ,0
минфин сша назвал имя одного из организаторов даркнет маркетплейса hydra  им оказался бизнесмен из череповца,1
разработчики стандарта usb запретили использовать их порты на территории россии ,0
«это новый освенцим и майданек»  российские военные начали сжигать тела погибших в мариуполе в мобильных крематориях,1
губернатор курильского федерального округа  «поправки к конституции вступят в силу только после одобрения императора» ,0
чиновники сдадут егэ по конституции ,0
рога убитого рашкиным лося повесят в мавзолее ленина ,0
более 20 тысяч человек вышли на первомайскую демонстрацию в чикаго с портретами сталина ,0
марк фейгин и алексей арестович подрались в прямом эфире канала фейгин live ,0
россия возобновит авиасообщение с 52 «дружественными странами»  среди них — зимбабве  мьянма и мозамбик,1
в москве сорвали кинофестиваль «артдокфест»  режиссера виталия манского облили краской у входа в кинотеатр «октябрь»,1
немцы попросили российского вице премьера гордеева остаться в германии ,0
российские охранники напали на доставившего пациента с covid 19 водителя скорой,1
папа римский подверг критике «замкнутого в анахроничных притязаниях националистических интересов» человека  который разжег конфликт в украине,1
в приднестровье взорваны две вышки  транслировавшие российское радио,1
российские военные остались в украине без медикаментов  их передают волонтеры через белгородскую область,1
байден не исключает возможности проведения тайной инаугурации ,0
власти австралии извинились за перевёрнутую картинку во время трансляции речи елизаветы ii ,0
сми  кипр лишил «золотых паспортов» четырех российских миллиардеров и их родственников,1
художницу сашу скочиленко  арестованную из за антивоенной акции  перевели в другую камеру после жалоб на травлю,1
украинские журналисты получили специальную награду пулитцеровской премии,1
кгб белоруссии будет переименован в цру ,0
разведка великобритании  на фоне растущих потерь россия привлекает военных запаса и занимается вербовкой в приднестровье,1
в госдуме предложили распространить закон об иноагентах на антироссийские идеи ,0
хочу покормить рыб  михаил дегтярев готовится к погружению в батискафе на дно амура ,0
робот фёдор станет героем россии ,0
новая серия эротического фильма эммануэль будет посвящена макрону ,0
на даче проворовавшегося китайского губернатора откроют санаторий для детей ,0
сотни грузовиков застряли на границе польши и белоруссии из за введенных санкций ес  пробка растянулась на 80 км,1
marvel comics прекратит продажу своих комиксов в россии,1
билл клинтон рассказал  что предлагал путину членство россии в нато,1
минюст создал реестр физлиц «иноагентов»  в него включили журналистов евгения киселева и матвея ганапольского,1
cnn  сша в марте успешно испытали гиперзвуковую ракету,1
в белоруссии запретили слово «навальный» ,0
из за нехватки углекислого газа для производства напитков россиян обяжут сдавать выдыхаемый воздух ,0
власти острова джерси заморозили активы абрамовича на  7 млрд,1
все арестованные 23 января россияне могут быть временно признаны гражданами сша ,0
глава пентагона заявил о полном разгроме яхтенного флота россии ,0
германия изучит опыт ирана по вопросам религиозного надзора за органами власти ,0
суд берлина разрешил партии меркель пользоваться услугами госслужащих на митингах ,0
к мкс отправился первый корабль crew dragon  экипаж которого состоит только из туристов,1
на рублево архангельской линии метро завершилась проходка тоннеля до станции звенигородская,0
в честь 199 летия иа «панорама» князь монако присвоил дворянство 11 сотрудникам издательства ,0
билл клинтон  «в начале 90 х русские либералы готовы были продать шапку мономаха знамя победы картины из эрмитажа и русского музея и даже царь пушку» ,0
российскую радиостанцию оштрафовали за отсутствие титров на латышском языке ,0
жилые корпуса по программе реновации у мцк новохохловская введут в 2023 году,0
президент россии извинился перед премьером израиля за слова лаврова о «еврейской крови» у гитлера,1
константин боровой подписал капитуляцию и акт о репарациях от имени россии ,0
италия высылает 30 российских дипломатов,1
умер первый президент украины леонид кравчук,1
бабарико окончательно сняли с выборов президента белоруссии,1
оценено влияние господдержки на межрегиональные авиаперевозки,1
днр сообщила о согласовании новых мер по контролю за режимом прекращения огня,1
«надеюсь ты ещё много лет будешь президентом ссср»  байден поздравил горбачёва с 90 летием ,0
высокий риск смерти гоген солнцев госпитализирован с тяжелой травмой головы,0
минюст внес в реестр иноагентов журналистов венедиктова  невзорова и пархоменко,1
нарышкин об оговорке на заседании совбеза  «случайно взял шпаргалку для следующего заседания» ,0
дмитрий песков не осведомлен о своей отправке на курсы повышения квалификации ,0
елизавета ii примет участие в акции femen в эдинбурге ,0
в российском регионе вернули часть ограничений из за коронавируса,1
в латвии раскрыли российский план по захвату прибалтики ,0
в мид начали продажу билетов на пресс конференции марии захаровой ,0
бессрочные каникулы в тольятти  работники ао «автоваз» получили возможность провести лето с семьями ,0
«россия здесь навсегда»  андрей турчак — о будущем херсонской области,1
минобороны рф заявило о ракетном ударе по военному заводу на окраине киева  после удара город оказался частично обесточен,1
в госдуму внесён законопроект о новом государственном флаге россии ,0
«ельцин центр» устроит масштабный банкет за 65 млн в честь дня благодарения ,0
во львове прогремели взрывы  часть города осталась без электричества — мэр,1
пойдет все на своем пути крушить всплыло предсказание ванги о страшном будущем евросоюза и нато,0
сотрудники посольства сша раздавали одеяла участникам лгбт парада накануне вспышки обезьяньей оспы ,0
либерализация в кндр  пограничники будут давать перебежчикам 15 секундную фору перед стрельбой ,0
умер владимир жириновский,1
лукашенко  новую конституцию примем в узком семейном кругу администрации президента ,0
new lines  россия выделила сирии кредиты на миллиард долларов  чтобы компании тимченко и пригожина могли обходить санкции,1
кремль призвал планировать отдых в россии,1
владеющие прачечной пенсионеры снялись в забытых клиентами вещах и прославились,1
«родители в ответе за своих детей»  суд приговорил мать уехавшего из беларуси анархиста романа халилова к 3 годам «химии»,1
евгения васильева возглавит счетную палату ,0
неизлечимо больная невеста сыграла свадьбу в больнице и умерла через месяц,1
мария бутина не сможет избираться в госдуму из за судимости ,0
развод со звездой кухни и новая жена на 14 лет моложе что стало с известным актером прониным,0
природный парк на берегу оби предложили расширить,1
жозеп боррель предложил использовать замороженные валютные резервы россии для восстановления украины,1
к президентским выборам 2024 года в россии полностью перейдут на электронный формат голосования ,0
ставшая порноактрисой гонщица захотела вернуться в спорт,1
«теперь вы понимаете какой я хороший »  лукашенко обратился к западным лидерам ,0
жители страсбурга отпраздновали возвращение россии в пасе народными гуляниями ,0
российских изобретателей обяжут регистрировать международные патенты на государство а не на себя ,0
каждый зарегистрированный участник митинга за освобождение навального получит купон на скидку в «пятерочке» ,0
модель victoria s secret сфотографировали в бикини на пляже во время отдыха,1
в тверском паблике спросили  как легализовать в россии «трофейный» внедорожник из украины  спустя два дня паблик заблокировали,1
россия готова предоставить политическое убежище кристине тимановской ,0
литва первой в ес объявила о полном отказе от российского газа,1
цик украины объявил о создании мобильного избирательного участка в керченском проливе ,0
ввс эстонии сымитировали бомбардировку крыма ,0
в херсоне российских военных будут заселять в квартиры эвакуировавшихся украинцев,1
в пресненский суд москвы поступило дело актера ефремова,1
amnesty international признала иосифа сталина жертвой политических репрессий ,0
от 20  до 40  контрактников  которых готовят к новой переброске  отказываются воевать в украине — cit,1
«агентство» узнало имена еще двух пропавших без вести моряков с крейсера «москва»,1
в россии назрел очередной кризис,1
в кемерово прохожие сдали в полицию оппозиционера вышедшего протестовать против выездных виз ,0
с начала войны евросоюз потратил €35 млрд на российское топливо и всего €1 млрд на помощь украине,1
лукашенко лишил мисс беларуси звания майора кгб после того как она не смогла отличить роторную жатку от обмолота ,0
попкорн в российских кинотеатрах заменят семечками ,0
в москве автомобиль после дтп влетел в пешеходов и попал на видео,1
сенаторы признали подделкой фотографию с советским флагом над рейхстагом ,0
маникюр популярной рэперши на фото в купальнике озадачил поклонников,1
популярный европейский курорт раскрыл сроки принятия россиян,1
в россии повысят цены на водку,1
в новогоднем поздравлении назарбаев объявил о возвращении на пост президента казахстана ,0
лукашенко пообещал найти девушку для степана путило если он вернётся и покается ,0
сми сообщили о безуспешных попытках лукашенко дозвониться до мишустина ,0
депутата рашкина задержали при попытке пронести винтовку на биатлонный стадион ,0
журналисты «радио свобода» нашли подтверждение гибели мичмана с крейсера «москва»  минобороны рф сообщало  что экипаж корабля спасен,1
пашинян  армения хочет участвовать и в нато и в одкб ,0
макрон пригласил президента польши на настоящий парад победы 8 мая в париже ,0
зеленский предложил борису джонсону должность губернатора одессы ,0
9 сотрудников ик 1 ярославля получили реальные сроки за избиение бывшего заключенного,1
умер фронтмен группы cardiacs,1
«патриарх не может опуститься до путинского алтарника»  папа римский рассказал о переговорах по зуму с главой рпц,1
на концерте в честь дня победы на первом канале показали фотографию американских грабителей бонни и клайда среди военных фото,1
москвича  сломавшего картонную фигуру бабушки со знаменем победы  арестовали на 15 суток,1
страница кабаевой пропала с сайта «национальной медиа группы» после призывов ввести против нее санкции,1
си цзиньпин  китай не намерен переселять россиян при передаче сибири ,0
к участникам антивоенных и проукраинских чатов начали приходить из фсб — «первый отдел»,1
роскомнадзор потребовал разблокировать чеченский ютьюб канал «вайнах»,1
«какого хрена сша и нато не могут дать зеленскому то  что нужно для борьбы»  микки рурк выступил в поддержку украины,1
в поселке мангуш под мариуполем нашли братскую могилу  в которой могут быть захоронены тысячи человек,1
вызвавший конфликт между скр и генпрокуратурой следователь уволился,1
антону птушкину запретили въезд в россию до 2072 года из за его антивоенной позиции — baza,1
квартиры в москве перестали покупать за наличные,1
с начала войны россия втрое увеличила финансирование государственных сми  траты на социальную поддержку граждан увеличились всего на 6 5 ,1
в ярославле в жилом доме рванул газ,0
константина райкина уволили из театральной школы константина райкина,1
в грузии снизят зарплаты чтобы граждане не убегали в ес ,0
власти львова сообщили о ракетных ударах по городу,1
византия сообщила о введении безвизового режима с россией ,0
завод маз уволил всех протестовавших сотрудников с волчьим билетом и в три раза нарастил выпуск ,0
россияне увеличили суммы ипотеки,1
две книги ричарда докинза внесли в реестр экстремистских материалов ,0
министр обороны латвии потерял сознание от звука сирены воздушной тревоги ,0
раскрыты потери бюджета россии от налоговых преступлений,1
владимир зеленский выдал украинское гражданство игорю стрелкову ,0
виктора шендеровича обвинили в сексуальных домогательствах,1
в ответ на антироссийские санкции мтс отключит макрона от тарифа «забугорище» ,0
украина объявила об остановке транзита трети российского газа в европу,1
байден пообещал добиться включения ваканды в совбез оон ,0
россия выиграла спор у европы,1
депутатов госдумы пытались научить выживать на 100 тысяч рублей в месяц ,0
в центре киева взорвался автомобиль,1
в бородянке под киевом из под завалов разбомбленных многоэтажек достали 26 тел,1
«коммерсант»  андрей костин предложил присоединить к втб еще два государственных банка — «открытие» и рнкб,1
терешкова предложила законопроект позволяющий президенту назначать до 51  депутатов госдумы ,0
кремль ответил на угрозу санкций против «северного потока 2»,1
baza  пророссийский украинский блогер анатолий шарий отпущен под подписку о невыезде  он будет ждать в испании решения об экстрадиции,1
любови соболь заменили наказание по «санитарному делу» с ограничения свободы на реальный срок  она находится за пределами россии,1
в ирпене российские солдаты на глазах у девушки изнасиловали ее мать и сестру  обе умерли от травм  девушка четыре дня жила с их трупами,1
уехала на чужбину за американским мужем а потом рвала на себе волосы судьба актрисы кореневой,0
президент академии наук днр сбежал в лнр с секретными чертежами на микроплёнках ,0
portishead выступит впервые за семь лет — на благотворительном концерте в поддержку украины,1
на здание парламента баварии торжественно водрузили портреты маркса и ленина ,0
вслед за visa и mastercard из россии уходит блокчейн ,0
суд отменил условное наказание кирилла серебренникова и снял с него судимость,1
лукашенко констатировал малочисленность «майданутых» в белоруссии,1
«в произведениях автора жестко критиковался правящий режим»  полиция в москве признала плакат с цитатой льва толстого о патриотизме «дискредитацией» российской армии,1
херсон подвергся обстрелу,1
в италии раскрыли сеть по заключению фиктивных браков для легализации мигрантов,1
погранслужба украины  военные рф не смогли эвакуировать команду крейсера «москва» из за шторма,1
производитель мармеладных мишек haribo остановит поставки в россию,1
троян вывел из строя спутники нато и вынудил капитулировать американскую группировку в сирии ,0
пытают пережаренным шашлыком  саакашвили пожаловался на унизительные условия содержания в грузинской тюрьме ,0
патриотически настроенные россияне выкупили 10 тысяч новых айфонов и прибили их к стене американского посольства ,0
ставропольский край войдёт в состав краснодарского ,0
«эта информация должна быть подвергнута серьезному сомнению»  кремль — об убийствах мирных жителей в буче,1
одкб возьмет под контроль повышение цен на продукты питания в странах членах организации ,0
“по многочисленным просьбам военнослужащих”  в минобороны объяснили зачем ввели для личного состава срочные курсы украинского языка ,0
борис джонсон пообещал избирателям вернуть ирландию в родную гавань ,0
михаил горбачев заявил что не подавал в отставку с поста президента ссср ,0
в мгимо появится факультет международных отношений с террористами ,0
в россии введут штраф за отрицание агрессии нато ,0
близкие художницы саши скочиленко  арестованной за антивоенную акцию  сообщают о ее травле сокамерницами в сизо,1
