имя,класс
Арчи,собака
Алекс,собака
Амур,собака
Алтaй,собака
Альф,собака
Алмаз,собака
Атос,собака
Амиго,собака
Аксель,собака
Ангел,собака
Адам,собака
Арнольд,собака
Август,собака
Айрон,собака
Акс,собака
Альт,собака
Арго,собака
Арес,собака
Атаман,собака
Арс,собака
Айран,собака
Антей,собака
Арамис,собака
Азор,собака
Апельсин,собака
Азарт,собака
Аркан,собака
Аскольд,собака
Артос,собака
Антонио,собака
Арман,собака
Аватар,собака
Арахис,собака
Барон,собака
Бутч,собака
Боня,собака
Бим,собака
Бадди,собака
Барни,собака
Балу,собака
Барс,собака
Балто,собака
Бакси,собака
Байкал,собака
Буран,собака
Босс,собака
Блэк,собака
Бой,собака
Бублик,собака
Бумер,собака
Бек,собака
Бандит,собака
Барри,собака
Бен,собака
Бакстер,собака
Блэйк,собака
Борман,собака
Буян,собака
Беня,собака
Блэйд,собака
Бонд,собака
Бантик,собака
Бостон,собака
Бинго,собака
Бэст,собака
Бетмен,собака
Билли,собака
Бобби,собака
Брюс,собака
Вольт,собака
Вальтер,собака
Веня,собака
Вольф,собака
Вулкан,собака
Вегас,собака
Ватсон,собака
Вайс,собака
Вилли,собака
Винни,собака
Валли,собака
Волк,собака
Винчестер,собака
Валет,собака
Вайт,собака
Вульф,собака
Вуди,собака
Вайк,собака
Викинг,собака
Волчок,собака
Вжик,собака
Винстон,собака
Вилл,собака
Вольдемар,собака
Винтик,собака
Везунчик,собака
Варг,собака
Вест,собака
Вито,собака
Витязь,собака
Восток,собака
Верон,собака
Гром,собака
Граф,собака
Грэй,собака
Гектор,собака
Гуччи,собака
Ганс,собака
Гай Юлий Цезарь,собака
Гай,собака
Голд,собака
Гилмор,собака
Гангстер,собака
Гарри,собака
Гранд,собака
Голливуд,собака
Гуфи,собака
Герцог,собака
Гермес,собака
Гамлет,собака
Грем,собака
Генри,собака
Грек,собака
Гавр,собака
Гомер,собака
Гарольд,собака
Гордон,собака
Гэри,собака
Грейт,собака
Грин,собака
Гарфилд,собака
Гек,собака
Геральд,собака
Герой,собака
Джек,собака
Дик,собака
Джонни,собака
Деймон,собака
Дёма,собака
Джой,собака
Дружок,собака
Джерри,собака
Джим,собака
Добби,собака
Дюк,собака
Дизель,собака
Джейсон,собака
Джокер,собака
Джанго,собака
Данте,собака
Декс,собака
Дан,собака
Джимми,собака
Данди,собака
Дарт Вейдер,собака
Джексон,собака
Дар,собака
Дымок,собака
Данко,собака
Дозор,собака
Джем,собака
Диего,собака
Джульбарс,собака
Дак,собака
Джери Ли,собака
Еврик,собака
Ерошка,собака
Енисей,собака
Елай,собака
Ермак,собака
Елисей,собака
Есаул,собака
Ерик,собака
Ермошка,собака
Ельсон,собака
Енай,собака
Ероха,собака
Елик,собака
Ерош,собака
Ефим,собака
Еремей,собака
Ессон,собака
Егерь,собака
Елифан,собака
Енго,собака
Енсон,собака
Епифан,собака
Ерофей,собака
Ешко,собака
Евин,собака
Евро,собака
Евсей,собака
Евфрат,собака
Елло,собака
Емельян,собака
Емеля,собака
Жорик,собака
Жан,собака
Жак,собака
Жулик,собака
Жоржик,собака
Жофрей,собака
Жиган,собака
Жюльен,собака
Жерар,собака
Жаспер,собака
Живчик,собака
Жеpap,собака
Жоффрей,собака
Жером,собака
Жардан,собака
Жан-Поль,собака
Жемчуг,собака
Журик,собака
Жустьен,собака
Зевс,собака
Зефир,собака
Зак,собака
Зидан,собака
Зольд,собака
Зик,собака
Зорро,собака
Зюзик,собака
Зигфрид,собака
Зенит,собака
Зигмунд,собака
Зико,собака
Зиг,собака
Зохан,собака
Зукко,собака
Зет,собака
Зорго,собака
Зейк,собака
Зубастик,собака
Зорд,собака
Заур,собака
Златозар,собака
Зольт,собака
Зойд,собака
Золтон,собака
Закат,собака
Зейден,собака
Зейн,собака
Зерон,собака
Зульф,собака
Заман,собака
Зерро,собака
Зимбо,собака
Зоран,собака
Зорг,собака
Илай,собака
Изюм,собака
Изумруд,собака
Ичи,собака
Индиго,собака
Ирбис,собака
Ирис,собака
Икс,собака
Итон,собака
Иржик,собака
Ирон,собака
Икар,собака
Ибис,собака
Иней,собака
Идальго,собака
Ингард,собака
Инвар,собака
Илья Муромец,собака
Император,собака
Империал,собака
Ирхан,собака
Иствуд,собака
Илар,собака
Импульс,собака
Инк,собака
Исай,собака
Ибрагим,собака
Изар,собака
Каспер,собака
Кекс,собака
Кузя,собака
Кай,собака
Кент,собака
Карат,собака
Клайд,собака
Кокс,собака
Красавчик,собака
Крис,собака
Кастиэль,собака
Кекс,собака
Кайл,собака
Космос,собака
Курт,собака
Князь,собака
Кубик,собака
Купер,собака
Кэп,собака
Коди,собака
Кнопик,собака
Клык,собака
Кинг,собака
Клаус,собака
Карай,собака
Кольт,собака
Кайзер,собака
Кэш,собака
Кайсар,собака
Кельвин,собака
Кикко,собака
Клиф,собака
Каштан,собака
Кучум,собака
Коржик,собака
Лорд,собака
Лео,собака
Лайк,собака
Лари,собака
Локки,собака
Люцифер,собака
Лайт,собака
Ларс,собака
Лексус,собака
Лайм,собака
Лeйк,собака
Люк,собака
Лютик,собака
Лион,собака
Луи,собака
Лукас,собака
Ларик,собака
Ллойд,собака
Леонардо,собака
Луис,собака
Лунтик,собака
Лавр,собака
Лакс,собака
Ластик,собака
Лэйс,собака
Лаврик,собака
Лучик,собака
Лапик,собака
Ларсик,собака
Лелик,собака
Лютер,собака
Лайф,собака
Лектор,собака
Лорик,собака
Лайс,собака
Лайд,собака
Макс,собака
Майло,собака
Марсель,собака
Малыш,собака
Майк,собака
Мартин,собака
Микки,собака
Марс,собака
Мухтар,собака
Мотя,собака
Марти,собака
Мэнни,собака
Майкл,собака
Марк,собака
Мейсон,собака
Майки,собака
Митяй,собака
Мустанг,собака
Марик,собака
Мич,собака
Маврик,собака
Мэлвин,собака
Монти,собака
Мачо,собака
Максимус,собака
Масик,собака
Михей,собака
Майбах,собака
Моджо,собака
Мэтт,собака
Мартик,собака
Маршал,собака
Найк,собака
Ник,собака
Норд,собака
Найс,собака
Нельсон,собака
Найт,собака
Найджел,собака
Нафаня,собака
Норман,собака
Нильсон,собака
Ной,собака
Нико,собака
Нэш,собака
Нордик,собака
Никас,собака
Нео,собака
Нойз,собака
Ньютон,собака
Немо,собака
Нильс,собака
Норрис,собака
Нортон,собака
Нейсон,собака
Николас,собака
Никос,собака
Несквик,собака
Найл,собака
Нокс,собака
Нолик,собака
Нуар,собака
Николя,собака
Оскар,собака
Остин,собака
Одди,собака
Оливер,собака
Отис,собака
Огонёк,собака
Олаф,собака
Отто,собака
Оникс,собака
Орфей,собака
Осман,собака
Один,собака
Орландо,собака
Оби Ван,собака
Оушен,собака
Оз,собака
Олимпус,собака
Одис,собака
Ольф,собака
Омон,собака
Орион,собака
Орлик,собака
Одиссей,собака
Освальд,собака
Олимп,собака
Персик,собака
Пират,собака
Пайк,собака
Патрик,собака
Принц,собака
Полкан,собака
Перс,собака
Прайм,собака
Пуфик,собака
Плуто,собака
Пумба,собака
Персей,собака
Порш,собака
Прайд,собака
Паркер,собака
Панчо,собака
Перри,собака
Пегас,собака
Пинки,собака
Пух,собака
Пуф,собака
Плюш,собака
Парис,собака
Платон,собака
Пряник,собака
Паки,собака
Потап,собака
Пако,собака
Пинк,собака
Понго,собака
Пьер,собака
Паппи,собака
Пирожок,собака
Портос,собака
Рэкс,собака
Риччи,собака
Рэй,собака
Ричард,собака
Рэм,собака
Рой,собака
Рэм,собака
Рикки,собака
Райд,собака
Рамзес,собака
Ронни,собака
Рок,собака
Руди,собака
Раф,собака
Ред,собака
Рико,собака
Рио,собака
Райт,собака
Рай,собака
Рейн,собака
Рэд,собака
Райдер,собака
Рольф,собака
Рафаель,собака
Рэмбо,собака
Рамштайн,собака
Руфус,собака
Райс,собака
Райф,собака
Ретт Батлер,собака
Руни,собака
Реми,собака
Рокс,собака
Рубик,собака
Рэмми,собака
Спайк,собака
Скуби Ду,собака
Саймон,собака
Стич,собака
Скай,собака
Султан,собака
Снежок,собака
Сириус,собака
Снупи,собака
Спартак,собака
Сникерс,собака
Скиф,собака
Стиф,собака
Сэт,собака
Сильвер,собака
Самсон,собака
Смайл,собака
Старк,собака
Снуп Дог,собака
Север,собака
Спарки,собака
Сэр,собака
Соломон,собака
Счастливчик,собака
Сет,собака
Стэн,собака
Санчо,собака
Симон,собака
Смоки,собака
Санта,собака
Северус,собака
Симбо,собака
Саурон,собака
Сантьяго,собака
Спок,собака
Стинг,собака
Сапфир,собака
Сидней,собака
Сумрак,собака
Стив,собака
Тaйсон,собака
Татошка,собака
Тэдди,собака
Тимка,собака
Тошка,собака
Тишка,собака
Тимоша,собака
Тор,собака
Тобик,собака
Том,собака
Туман,собака
Тэдди,собака
Тайфун,собака
Тай,собака
Ти-Джей,собака
Тайлер,собака
Тимон,собака
Томас,собака
Тэд,собака
Тайгер,собака
Топик,собака
Терри,собака
Тигр,собака
Твикс,собака
Трой,собака
Тео,собака
Тайс,собака
Тайрон,собака
Тито,собака
Тихон,собака
Тони,собака
Такер,собака
Топаз,собака
Трюфель,собака
Тейлор,собака
Турбо,собака
Тимур,собака
Тигран,собака
Тимофей,собака
Талисман,собака
Таир,собака
Тарзан,собака
Теодор,собака
Умка,собака
Уран,собака
Уайт,собака
Уголек,собака
Уилфред,собака
Уильям,собака
Урман,собака
Улан,собака
Урал,собака
Уолт,собака
Уолтер,собака
Успех,собака
Умник,собака
Урс,собака
Урри,собака
Урфи Джус,собака
Уно,собака
Унгар,собака
Уго,собака
Уникум,собака
Урган,собака
Фокс,собака
Фил,собака
Филя,собака
Фунтик,собака
Феликс,собака
Фред,собака
Фантик,собака
Феня,собака
Флэш,собака
Флинт,собака
Флай,собака
Фредди,собака
Фараон,собака
Феникс,собака
Фрай,собака
Форест,собака
Френки,собака
Федор,собака
Филипп,собака
Франц,собака
Фаер,собака
Фидель,собака
Фауст,собака
Филимон,собака
Фабиан,собака
Файер,собака
Фигаро,собака
Френд,собака
Фродо,собака
Финн,собака
Франк,собака
Фрей,собака
Флойд,собака
Хатико,собака
Хан,собака
Хайди,собака
Хантер,собака
Халк,собака
Хэппи,собака
Хуч,собака
Хьюго,собака
Хвостик,собака
Хаммер,собака
Хич,собака
Харт,собака
Харди,собака
Харли,собака
Хью,собака
Хэнк,собака
Хутч,собака
Хасан,собака
Хаки,собака
Харлей,собака
Харви,собака
Хьюстон,собака
Хайк,собака
Халиф,собака
Хагрид,собака
Харти,собака
Хамер,собака
Хотабыч,собака
Хамфри,собака
Хитч,собака
Хакер,собака
Ханс,собака
Харрис,собака
Хорт,собака
Хайс,собака
Цезарь,собака
Цербер,собака
Царь,собака
Цейс,собака
Цент,собака
Центурион,собака
Циклон,собака
Цукат,собака
Цицерон,собака
Церби,собака
Цезарион,собака
Цедрик,собака
Цыган,собака
Церон,собака
Цефей,собака
Чарли,собака
Чак,собака
Чип,собака
Честер,собака
Чапик,собака
Чоп,собака
Челси,собака
Чипс,собака
Чудо,собака
Черныш,собака
Чейз,собака
Чарльз,собака
Чингиз Хан,собака
Чико,собака
Че Гевара,собака
Чингиз,собака
Черчиль,собака
Чиф,собака
Чивас,собака
Чао,собака
Чендлер,собака
Чемпион,собака
Читер,собака
Чавес,собака
Шарик,собака
Шерхан,собака
Шелдон,собака
Шерлок,собака
Шаман,собака
Шериф,собака
Шон,собака
Шульц,собака
Шелтон,собака
Шерри,собака
Шеф,собака
Шепард,собака
Шрек,собака
Шварц,собака
Шейк,собака
Шустрик,собака
Шанс,собака
Шнурок,собака
Шэдо,собака
Шейх,собака
Шони,собака
Шторм,собака
Шафран,собака
Шерман,собака
Шнапс,собака
Шоколад,собака
Шастик,собака
Шекспир,собака
Штирлиц,собака
Швепс,собака
Эдмон,собака
Элвис,собака
Эрик,собака
Эдди,собака
Элвин,собака
Эрни,собака
Эдельвейс,собака
Эштон,собака
Энди,собака
Эйнштейн,собака
Эдгар,собака
Эмир,собака
Эдвард,собака
Эней,собака
Эль- Дьябло,собака
Эльф,собака
Эйс Вентура,собака
Эскимо,собака
Эклер,собака
Эдем,собака
Эмиль,собака
Эдвин,собака
Эй-Джей,собака
Эйр,собака
Эверест,собака
Эллорд,собака
Юджин,собака
Юстас,собака
Юрчик,собака
Юкки,собака
Юлий,собака
Юлий Цезарь,собака
Юпитер,собака
Ювентус,собака
Юкон,собака
Юник,собака
Юго,собака
Юпи,собака
Юрай,собака
Юкан,собака
Юг,собака
Юзеф,собака
Юкас,собака
Юкс,собака
Юлик,собака
Юнгар,собака
Юстин,собака
Юнайт,собака
Юнга,собака
Юнур,собака
Юрхан,собака
Юстиниан,собака
Янчи,собака
Ярик,собака
Ян,собака
Ясик,собака
Ясон,собака
Якут,собака
Ярый,собака
Яр,собака
Янтарь,собака
Янис,собака
Яхонт,собака
Ярд,собака
Ямал,собака
Янг,собака
Якоб,собака
Ярмак,собака
Яго,собака
Ярс,собака
Ясный,собака
Альма,собака
Альфа,собака
Адель,собака
Ася,собака
Айза,собака
Аська,собака
Айра,собака
Аврора,собака
Алиса,собака
Ада,собака
Альба,собака
Афина,собака
Айка,собака
Айна,собака
Амели,собака
Ариша,собака
Айва,собака
Анабель,собака
Айда,собака
Афродита,собака
Агнесса,собака
Айрис,собака
Алиша,собака
Ариэль,собака
Астра,собака
Ассоль,собака
Айса,собака
Асти,собака
Анфиса,собака
Альма,собака
Альпа,собака
Арья,собака
Акира,собака
Боня,собака
Багира,собака
Берта,собака
Буся,собака
Белла,собака
Бусинка,собака
Бэтти,собака
Бася,собака
Бэлла,собака
Белка,собака
Баффи,собака
Бонита,собака
Бэкки,собака
Банни,собака
Буля,собака
Белль,собака
Бэсси,собака
Берри,собака
Бэтси,собака
Барси,собака
Барби,собака
Барти,собака
Бруня,собака
Веста,собака
Вэнди,собака
Вита,собака
Вишенка,собака
Вега,собака
Василиса,собака
Верона,собака
Виктория,собака
Вета,собака
Венера,собака
Виолетта,собака
Ванда,собака
Ваниль,собака
Виола,собака
Виолетта,собака
Вэлла,собака
Вильма,собака
Ви-ви,собака
Венеция,собака
Верта,собака
Вьюга,собака
Вайолетт,собака
Викки,собака
Вивьен,собака
Вакса,собака
Весна,собака
Вендетта,собака
Вея,собака
Велма,собака
Вайка,собака
Герда,собака
Гера,собака
Гретта,собака
Габи,собака
Грейс,собака
Гайка,собака
Габриель,собака
Голди,собака
Глория,собака
Глаша,собака
Грэйси,собака
Гуччи,собака
Гроза,собака
Гамма,собака
Габриэлла,собака
Гермиона,собака
Глэдис,собака
Герси,собака
Гертруда,собака
Голда,собака
Глафира,собака
Галатея,собака
Гаури,собака
Гита,собака
Джесси,собака
Дина,собака
Дана,собака
Джессика,собака
Дейзи,собака
Джина,собака
Дора,собака
Дарси,собака
Джуля,собака
Долли,собака
Дымка,собака
Дайна,собака
Дебби,собака
Джуди,собака
Доня,собака
Даффи,собака
Дакота,собака
Дафни,собака
Дженни,собака
Джуна,собака
Даша,собака
Долька,собака
Диана,собака
Дива,собака
Деля,собака
Джоли,собака
Деми,собака
Даная,собака
Дельта,собака
Дорис,собака
Дафна,собака
Дени,собака
Доля,собака
Ева,собака
Елка,собака
Есения,собака
Ежевичка,собака
Еся,собака
Есика,собака
Есси,собака
Еша,собака
Ерошка,собака
Евита,собака
Ельма,собака
Евгеника,собака
Елана,собака
Елика,собака
Жужа,собака
Жу-жа,собака
Жуля,собака
Жасмин,собака
Жучка,собака
Жаклин,собака
Жемчужина,собака
Жади,собака
Жульетта,собака
Жанетт,собака
Жюли,собака
Жизель,собака
Жозефина,собака
Жани,собака
Жанна,собака
Женева,собака
Женевьева,собака
Жюльетта,собака
Жерри,собака
Жесика,собака
Зара,собака
Злата,собака
Зайка,собака
Зося,собака
Зена,собака
Зигги,собака
Забава,собака
Золли,собака
Зизи,собака
Звездочка,собака
Зита,собака
Закира,собака
Зальта,собака
Зенна,собака
Зета,собака
Зольда,собака
Заза,собака
Ириска,собака
Ирма,собака
Изабель,собака
Инфинити,собака
Иви,собака
Инди,собака
Ильма,собака
Инга,собака
Иветта,собака
Ида,собака
Ирис,собака
Ива,собака
Илана,собака
Искра,собака
Ильда,собака
Иста,собака
Иджи,собака
Изида,собака
Иллиада,собака
Индиго,собака
Ирма,собака
Илида,собака
Инесса,собака
Кира,собака
Кнопка,собака
Кайла,собака
Кора,собака
Кейси,собака
Кася,собака
Клёпа,собака
Кайра,собака
Клеопатра,собака
Камила,собака
Кэрри,собака
Кассандра,собака
Капа,собака
Къяра,собака
Кенди,собака
Келли,собака
Криста,собака
Киви,собака
Коко,собака
Каролина,собака
Катрин,собака
Кики,собака
Кукки,собака
Конфетка,собака
Кармен,собака
Лаки,собака
Лёля,собака
Линда,собака
Лора,собака
Ляля,собака
Лола,собака
Лилу,собака
Леди,собака
Луна,собака
Лесси,собака
Лиза,собака
Люси,собака
Лилу,собака
Ласка,собака
Лара,собака
Лилли,собака
Лулу,собака
Лапа,собака
Лайда,собака
Лэкси,собака
Линси,собака
Лаура,собака
Лисичка,собака
Лаффи,собака
Леона,собака
Лея,собака
Лотти,собака
Лаванда,собака
Люсьена,собака
Лайси,собака
Лейна,собака
Лолли,собака
Мася,собака
Моника,собака
Марта,собака
Молли,собака
Мия,собака
Масяня,собака
Мелиса,собака
Муся,собака
Майя,собака
Мира,собака
Мишель,собака
Матильда,собака
Мэри,собака
Муха,собака
Мотя,собака
Марго,собака
Мегги,собака
Мона,собака
Муля,собака
Мирта,собака
Майра,собака
Мэлани,собака
Мышка,собака
Миранда,собака
Макси,собака
Милки,собака
Мальва,собака
Миледи,собака
Мерси,собака
Мадлен,собака
Маркиза,собака
Марфа,собака
Мелоди,собака
Милли,собака
Минни,собака
Монро,собака
Мармеладка,собака
Мейси,собака
Ника,собака
Нюша,собака
Найда,собака
Нора,собака
Николь,собака
Ники,собака
Нэнси,собака
Нана,собака
Няша,собака
Нелли,собака
Нюся,собака
Николетта,собака
Наоми,собака
Найта,собака
Ночка,собака
Нэлли,собака
Нюра,собака
Нота,собака
Нори,собака
Нанни,собака
Наня,собака
Нева,собака
Нейя,собака
Оливия,собака
Оpхидея,собака
Одри,собака
Олли,собака
Ося,собака
Офелия,собака
Оливка,собака
Оззи,собака
Орли,собака
Оделия,собака
Ости,собака
Одетта,собака
Отти,собака
Олика,собака
Омелия,собака
Оня,собака
Пандора,собака
Прада,собака
Пума,собака
Персик,собака
Пальма,собака
Плюшка,собака
Полли,собака
Пинки,собака
Пепси,собака
Петти,собака
Патриция,собака
Памелла,собака
Прима,собака
Пуговка,собака
Пантера,собака
Пелагея,собака
Пушинка,собака
Пеппи,собака
Пэрис,собака
Печенюшка,собака
Принцесса,собака
Пуффи,собака
Пегги,собака
Пайпер,собака
Панда,собака
Пигги,собака
Полночь,собака
Пейдж,собака
Рада,собака
Рокси,собака
Рона,собака
Рози,собака
Руна,собака
Руби,собака
Роза,собака
Рута,собака
Рэйчел,собака
Рэкси,собака
Рина,собака
Рони,собака
Райна,собака
Рита,собака
Росси,собака
Роксана,собака
Руффи,собака
Радуга,собака
Реми,собака
Реджина,собака
Рэйда,собака
Рыся,собака
Ребекка,собака
Ронда,собака
Ренди,собака
Радость,собака
Рашель,собака
Рианна,собака
Райфи,собака
Реджи,собака
Рейна,собака
Риджи,собака
Соня,собака
Стелла,собака
Сара,собака
Сима,собака
Софи,собака
Сильва,собака
Синди,собака
Стеша,собака
Салли,собака
Снежинка,собака
Сандра,собака
Стеффи,собака
Сюзи,собака
Симона,собака
Сакура,собака
Сэнди,собака
Саманта,собака
Сьюзи,собака
Санни,собака
Стешка,собака
Стейси,собака
Смолли,собака
Скарлетт,собака
Самбука,собака
Смайла,собака
Селина,собака
Стрелка,собака
Сальма,собака
Скалли,собака
Тори,собака
Тося,собака
Тина,собака
Тайга,собака
Терри,собака
Тиффани,собака
Тайра,собака
Тася,собака
Тяпа,собака
Тэсси,собака
Туся,собака
Тэффи,собака
Таша,собака
Триша,собака
Трейси,собака
Тайна,собака
Тэрра,собака
Таффи,собака
Тора,собака
Тучка,собака
Тави,собака
Тэсси,собака
Тутси,собака
Тефтелька,собака
Таппи,собака
Тая,собака
Тейсти,собака
Тильда,собака
Троя,собака
Тэйси,собака
Тинки,собака
Умка,собака
Уна,собака
Уитни,собака
Ульяна,собака
Уми,собака
Ультра,собака
Урсула,собака
Ульма,собака
Уника,собака
Уляша,собака
Удача,собака
Улитка,собака
Улана,собака
Унга,собака
Уинни,собака
Ундина,собака
Фиби,собака
Фиона,собака
Феня,собака
Фанни,собака
Фенечка,собака
Фиджи,собака
Фисташка,собака
Фрида,собака
Флора,собака
Фабби,собака
Фея,собака
Флаффи,собака
Флер,собака
Фанта,собака
Фелиция,собака
Фи-фи,собака
Фрутти,собака
Франческа,собака
Фиалка,собака
Фиеста,собака
Фифа,собака
Фортуна,собака
Фимка,собака
Фира,собака
Хлоя,собака
Холли,собака
Ханна,собака
Хайди,собака
Хонда,собака
Хельга,собака
Харти,собака
Хиллари,собака
Хильда,собака
Ханни,собака
Ханти,собака
Харси,собака
Хейли,собака
Хелен,собака
Цея,собака
Цезария,собака
Цара,собака
Цаца,собака
Царина,собака
Цесса,собака
Цефи,собака
Цветочек,собака
Центурия,собака
Цири,собака
Циля,собака
Цапа,собака
Церцея,собака
Цими,собака
Челси,собака
Чапа,собака
Черри,собака
Чика,собака
Чита,собака
Чуча,собака
Чили,собака
Чейза,собака
Чернышка,собака
Чика,собака
Черника,собака
Чиби,собака
Челси,собака
Чана,собака
Чарси,собака
Чилита,собака
Шэрри,собака
Шанель,собака
Шелли,собака
Шейла,собака
Шакира,собака
Шанти,собака
Шарлотта,собака
Шоколадка,собака
Шайна,собака
Шанталь,собака
Шанси,собака
Шива,собака
Шарлиз,собака
Шая,собака
Шкода,собака
Шуша,собака
Шейна,собака
Шерли,собака
Шедоу,собака
Шоко,собака
Шармель,собака
Эльза,собака
Эшли,собака
Эбби,собака
Элис,собака
Эмма,собака
Элли,собака
Энджи,собака
Элизабет,собака
Элси,собака
Эмили,собака
Эстер,собака
Энни,собака
Эсми,собака
Эстель,собака
Элиссон,собака
Эврика,собака
Элеонора,собака
Эмбер,собака
Эйвари,собака
Элисия,собака
Юта,собака
Юна,собака
Юнона,собака
Юся,собака
Юми,собака
Юста,собака
Юша,собака
Юзя,собака
Юла,собака
Ювента,собака
Юлика,собака
Юнна,собака
Ювелия,собака
Южана,собака
Юмина,собака
Яся,собака
Яра,собака
Ягодка,собака
Ясмин,собака
Ямайка,собака
Яффи,собака
Ясна,собака
Янга,собака
Яшма,собака
Янина,собака
Ялика,собака
Ярославна,собака
Янни,собака
Ярда,собака
Ярита,собака
Ядвига,собака
Яффи,собака
Ася,кошка
Алиса,кошка
Анфиса,кошка
Аврора,кошка
Адель,кошка
Аська,кошка
Алиска,кошка
Афина,кошка
Айси,кошка
Анфиска,кошка
Альфа,кошка
Агнес,кошка
Агата,кошка
Алекса,кошка
Афродита,кошка
Аирэн,кошка
Амурка,кошка
Абби,кошка
Апельсинка,кошка
Амели,кошка
Аиша,кошка
Аля,кошка
Амура,кошка
Амелия,кошка
Ангел,кошка
Адэль,кошка
Айви,кошка
Алиша,кошка
Алисия,кошка
Арси,кошка
Агнесса,кошка
Ассоль,кошка
Ариша,кошка
Ариэль,кошка
Айс,кошка
Ада,кошка
Айви ,кошка
Акси,кошка
Агнесс,кошка
Аделина,кошка
Астра,кошка
Айрис,кошка
Аделла,кошка
Ария,кошка
Апрелька,кошка
Айза,кошка
Абигель,кошка
Аделия,кошка
Алис,кошка
Абель,кошка
Альма,кошка
Аманда,кошка
Аника,кошка
Айа,кошка
Анабелла,кошка
Агуша,кошка
Аляска,кошка
Амина,кошка
Анабель,кошка
Асечка,кошка
Ави,кошка
Альба,кошка
Ами,кошка
Бaгирa,кошка
Боня,кошка
Буся,кошка
Бусинка,кошка
Бася,кошка
Багира,кошка
Бони,кошка
Бонька,кошка
Багирка,кошка
Буська,кошка
Белла,кошка
Бэтти,кошка
Белка,кошка
Бесси,кошка
Бэлла,кошка
Бастет,кошка
Баста,кошка
Бонита,кошка
Белочка,кошка
Барси,кошка
Баунти,кошка
Бела,кошка
Бусёнка,кошка
Бося,кошка
Бонни,кошка
Барселона,кошка
Баффи,кошка
Баська,кошка
Бакси,кошка
Бети,кошка
Багирочка,кошка
Бэсси,кошка
Бетти,кошка
Бетси,кошка
Бейлиз,кошка
Барби,кошка
Бритни,кошка
Барса,кошка
Блэсс,кошка
Барбариска,кошка
Бекки,кошка
Беллатриса,кошка
Берта,кошка
Бимо,кошка
Барся,кошка
Бусина,кошка
Беатрисия,кошка
Бриттани,кошка
Биотрисса,кошка
Бель,кошка
Барселина,кошка
Бизу,кошка
Белль,кошка
Багги,кошка
Байра,кошка
Басси,кошка
Белисса,кошка
Белоснежка,кошка
Брэнди,кошка
Баги,кошка
Бастэт,кошка
Булочка,кошка
Бусёна,кошка
Барбара,кошка
Беатрис,кошка
Брошка,кошка
Бугати,кошка
Бади,кошка
Батишта,кошка
Бейлис,кошка
Белолапка,кошка
Белька,кошка
Блёстка,кошка
Бусика,кошка
Бусинда,кошка
Бусяня,кошка
Барсинка,кошка
Басяня,кошка
Бейси,кошка
Василиса,кошка
Виски,кошка
Варя,кошка
Варька,кошка
Васелиса,кошка
Веста,кошка
Вики,кошка
Ванесса,кошка
Вишенка,кошка
Виктория,кошка
Варвара,кошка
Венера,кошка
Ванеса,кошка
Ватрушка,кошка
Веснушка,кошка
Венди,кошка
Викки,кошка
Варежка,кошка
Викси,кошка
Виола,кошка
Виолетта,кошка
Вита,кошка
Ванилька,кошка
Вивьен,кошка
Васёна,кошка
Влада,кошка
Ваниль,кошка
Вейси,кошка
Виоллета,кошка
Вайлет,кошка
Вида,кошка
Валькирия,кошка
Варюшка,кошка
Васелина,кошка
Виолла,кошка
Виска,кошка
Веся,кошка
Вирджиния,кошка
Вспышка,кошка
Вафля,кошка
Виктори,кошка
Винера,кошка
Валета,кошка
Ванда,кошка
Вероника,кошка
Вета,кошка
Виста,кошка
Вишня,кошка
Василина,кошка
Велла,кошка
Герда,кошка
Гера,кошка
Грейс,кошка
Глаша,кошка
Грэйс,кошка
Габби,кошка
Грета,кошка
Гав,кошка
Гайка,кошка
Габриэлла,кошка
Габриэль,кошка
Гермиона,кошка
Глория,кошка
Гата,кошка
Грейси,кошка
Габи,кошка
Глафира,кошка
Геля,кошка
Графиня,кошка
Грэтта,кошка
Грация,кошка
Груня,кошка
Грей,кошка
Габрина,кошка
Гренка,кошка
Гайя,кошка
Гала,кошка
Геката,кошка
Голубоглазка,кошка
Голубушка,кошка
Гаечка,кошка
Гиза,кошка
Голди,кошка
Гравицапа,кошка
Графиня Вишенка,кошка
Грэси,кошка
Галатея,кошка
Гармония,кошка
Герцогиня,кошка
Гира,кошка
Гитта,кошка
Готика,кошка
Гратта,кошка
Гуччи,кошка
Гамма,кошка
Геба,кошка
Гелия,кошка
Гелла,кошка
Герта,кошка
Гресси,кошка
Грэйя,кошка
Гарсия,кошка
Джеси,кошка
Дымка,кошка
Джесси,кошка
Дуся,кошка
Джессика,кошка
Даша,кошка
Дарси,кошка
Дуська,кошка
Дана,кошка
Дуня,кошка
Джэси,кошка
Дейзи,кошка
Диана,кошка
Джесс,кошка
Дыма,кошка
Дымочка,кошка
Джина,кошка
Дакота,кошка
Дина,кошка
Дэйзи,кошка
Джесика,кошка
Дарина,кошка
Джульетта,кошка
Дафна,кошка
Даффи,кошка
Джес,кошка
Дося,кошка
Дасти,кошка
Дася,кошка
Десси,кошка
Дуняша,кошка
Дарья,кошка
Джуля,кошка
Долька,кошка
Дэя,кошка
Джейси,кошка
Дженни,кошка
Джозефина,кошка
Джуди,кошка
Доча,кошка
Дария,кошка
Доминика,кошка
Дарёна,кошка
Даря,кошка
Дакки,кошка
Дези,кошка
Дейла,кошка
Дейси,кошка
Джули,кошка
Дикси,кошка
Доня,кошка
Дафни,кошка
Динь,кошка
Даська,кошка
Дынька,кошка
Даниэль,кошка
Деми Мурка,кошка
Джаззи,кошка
Джулия,кошка
Дива,кошка
Дипси,кошка
Дэйла,кошка
Дюся,кошка
Джейн,кошка
Джеми,кошка
Джени,кошка
Дженифер,кошка
Джеска,кошка
Джолли,кошка
Доля,кошка
Дора,кошка
Дульсинея,кошка
Дусильнея,кошка
Душка,кошка
Дэзи,кошка
Дайна,кошка
Далина,кошка
Данелия,кошка
Дели,кошка
Демми,кошка
Деська,кошка
Джелика,кошка
Джинджер,кошка
Ева,кошка
Елис,кошка
Ежевика,кошка
Еська,кошка
Елка,кошка
Ежевичка,кошка
Евгеша,кошка
Ева ля Мур,кошка
Есения,кошка
Евгешка,кошка
Емили,кошка
Ешка,кошка
Евра,кошка
Еня,кошка
Елизавета,кошка
Енка,кошка
Ежиния,кошка
Еванжелина,кошка
Ема,кошка
Емочка,кошка
Евелиса,кошка
Ероша,кошка
Ефросинья,кошка
Жужа,кошка
Жемчужина,кошка
Жу-жа,кошка
Жанет,кошка
Жозефина,кошка
Жульетта,кошка
Жасмин,кошка
Жемчужинка,кошка
Жизель,кошка
Жуля,кошка
Жюли,кошка
Жози,кошка
Жужжа,кошка
Жозетта,кошка
Жеси,кошка
Жюльетта,кошка
Жаклин,кошка
Женевьева,кошка
Жужу,кошка
Жасминика,кошка
Жоси,кошка
Жулька,кошка
Жоли,кошка
Жужука,кошка
Желька,кошка
Жеманти,кошка
Желла,кошка
Жоанна,кошка
Жузиа,кошка
Жулиана,кошка
Жади,кошка
Жанэт,кошка
Женева,кошка
Жесика,кошка
Жракалка,кошка
Зефирка,кошка
Зося,кошка
Зайка,кошка
Злата,кошка
Забава,кошка
Звездочка,кошка
Зая,кошка
Загадка,кошка
Зара,кошка
Зарина,кошка
Зойка,кошка
Зоя,кошка
Зефира,кошка
Зига,кошка
Зюзя,кошка
Зафира,кошка
Зена,кошка
Затея,кошка
Зимушка,кошка
Зум-Зум,кошка
Завалюша,кошка
Засранка,кошка
Земфира,кошка
Зимка,кошка
Зина,кошка
Зита,кошка
Золушка,кошка
Заби,кошка
Заза,кошка
Зетти,кошка
Зима,кошка
Зира,кошка
Зюша,кошка
Забела,кошка
Зальяна,кошка
Звёздный Луч,кошка
Зельда,кошка
Зента,кошка
Зигма,кошка
Зирка,кошка
Зирочка,кошка
Златовласка,кошка
Золотинка,кошка
Зора,кошка
Завади,кошка
Заринка,кошка
Зафина,кошка
Иди жрать,кошка
Ириска,кошка
Изабелла,кошка
Изабель,кошка
Изи,кошка
Ириса,кошка
Искорка,кошка
Изюминка,кошка
Искра,кошка
Ися,кошка
Ирис,кошка
Ирма,кошка
Искринка,кошка
Иветта,кошка
Иззи,кошка
Ирианна,кошка
Ичи,кошка
Ива,кошка
Инга,кошка
Иви,кошка
Изольда,кошка
Иллиана,кошка
Инора,кошка
Иоланта,кошка
Иллада,кошка
Ишка,кошка
Иштар,кошка
Июлька,кошка
Ивета,кошка
Ивона,кошка
Изюша,кошка
Икки,кошка
Илька,кошка
Инь,кошка
Ирисик,кошка
Исида,кошка
Ида,кошка
Иджи,кошка
Илона,кошка
Индиана,кошка
Исабелла,кошка
Иска,кошка
Ифа,кошка
Ия,кошка
Игруля,кошка
Изуми,кошка
Илиска,кошка
Империя,кошка
Инари,кошка
Инди,кошка
Иона,кошка
Ирви,кошка
Ирюша,кошка
Кудабля,кошка
Карамелька,кошка
Клеопатра,кошка
Клёпа,кошка
Кесси,кошка
Кити,кошка
Кнопа,кошка
Китти,кошка
Киса,кошка
Кира,кошка
Кнопка,кошка
Кася,кошка
Кейси,кошка
Клео,кошка
Катя,кошка
Кетти,кошка
Ксюшка,кошка
Кэт,кошка
Касандра,кошка
Кэтти,кошка
Кэсси,кошка
Ксюша,кошка
Калипсо,кошка
Кети,кошка
Кайра,кошка
Кейт,кошка
Кэтрин,кошка
Киара,кошка
Касси,кошка
Кристи,кошка
Куся,кошка
Кнопочка,кошка
Калипса,кошка
Капелька,кошка
Крис,кошка
Кэтси,кошка
Киви,кошка
Кора,кошка
Кроха,кошка
Кассиопея,кошка
Клякса,кошка
Кэти,кошка
Кайла,кошка
Кассандра,кошка
Конфетка,кошка
Каролина,кошка
Куська,кошка
Камелия,кошка
Корица,кошка
Касся,кошка
Крошка,кошка
Камилка,кошка
Кисуня,кошка
Коко Шанель,кошка
Красуля,кошка
Кристина,кошка
Коко,кошка
Кокси,кошка
Котори,кошка
Крейзи,кошка
Кинко,кошка
Катико,кошка
Китя,кошка
Клементина,кошка
Капля,кошка
Кирюша,кошка
Котти,кошка
Кукуся,кошка
Кет,кошка
Кетрин,кошка
Клеочедриссия Ивановна,кошка
Кэрри,кошка
Каира,кошка
Касуми,кошка
Лаки,кошка
Лиза,кошка
Люся,кошка
Лилу,кошка
Ляля,кошка
Линда,кошка
Лекси,кошка
Люська,кошка
Ласка,кошка
Луна,кошка
Лапка,кошка
Ли-Ли,кошка
Лана,кошка
Лиса,кошка
Лола,кошка
Леся,кошка
Лекса,кошка
Люси,кошка
Лили,кошка
Лапуся,кошка
Лея,кошка
Лила,кошка
Лисса,кошка
Лаура,кошка
Лизка,кошка
Леля,кошка
Лика,кошка
Лапочка,кошка
Лада,кошка
Леста,кошка
Лина,кошка
Леди,кошка
Лия,кошка
Лайза,кошка
Лора,кошка
Лилия,кошка
Лиля,кошка
Луша,кошка
Локки,кошка
Лу-лу,кошка
Лялька,кошка
Лайли,кошка
Лапа,кошка
Лиска,кошка
Листвичка,кошка
Лоя,кошка
Лулу,кошка
Лэсси,кошка
Лаванда,кошка
Лизи,кошка
Лира,кошка
Ланочка,кошка
Лилит,кошка
Люсия,кошка
Люсьена,кошка
Лютик,кошка
Лайма,кошка
Ланесса,кошка
Лара,кошка
Лила,кошка
Лакомка,кошка
Луиза,кошка
Лило,кошка
Ля Мур,кошка
Лайла,кошка
Лики,кошка
Лисенок,кошка
Лесси,кошка
Лэйси,кошка
Лапуля,кошка
Ларси,кошка
Лиана,кошка
Люсик,кошка
Латифа,кошка
Леська,кошка
Лизетта,кошка
Лисси,кошка
Лэйла,кошка
Люсиль,кошка
Лакоста,кошка
Лейси,кошка
Лети,кошка
Лизавета,кошка
Линси,кошка
Лисичка,кошка
Легенда,кошка
Лиара,кошка
Лилька,кошка
Люсинда,кошка
Люцифия,кошка
Латина,кошка
Лейла,кошка
Лемура,кошка
Леонсия,кошка
Львёна,кошка
Лапуша,кошка
Лапушка,кошка
Леа,кошка
Леди Блэйк,кошка
Лека,кошка
Леонора,кошка
Лима,кошка
Лимка,кошка
Лимонка,кошка
Лакиша,кошка
Ланда,кошка
Латоя,кошка
Муся,кошка
Мурка,кошка
Мася,кошка
Мaнюня,кошка
Муська,кошка
Милка,кошка
Масяня,кошка
Матильда,кошка
Маркиза,кошка
Маруся,кошка
Маня,кошка
Марта,кошка
Марго,кошка
Мышка,кошка
Мура,кошка
Мила,кошка
Мотя,кошка
Маргоша,кошка
Майя,кошка
Масянька,кошка
Мелисса,кошка
Маська,кошка
Моника,кошка
Моня,кошка
Маруська,кошка
Марси,кошка
Мишель,кошка
Майа,кошка
Микки,кошка
Мика,кошка
Мурлин Мурло,кошка
Мия,кошка
Мусенька,кошка
Мальта,кошка
Мелиса,кошка
Мая,кошка
Мики,кошка
Мэри,кошка
Муся Александровна,кошка
Мира,кошка
Машка,кошка
Мята,кошка
Муха,кошка
Манюня,кошка
Муза,кошка
Муля,кошка
Мэгги,кошка
Маняшка,кошка
Мaсяндра,кошка
Милли,кошка
Майли,кошка
Миа,кошка
Моли,кошка
Мурра,кошка
Маняша,кошка
Масюня,кошка
Мурочка,кошка
Матильда Барсиковна,кошка
Малышка,кошка
Меллиса,кошка
Мона,кошка
Мосся,кошка
Монечка,кошка
Малибу,кошка
Мусик,кошка
Мерлин,кошка
Маргарита,кошка
Маргаритка,кошка
Мегги,кошка
Мурзя,кошка
Мэрлин,кошка
Мими,кошка
Мурёна,кошка
Мурыся,кошка
Мэги,кошка
Мэрри,кошка
Масик,кошка
Мотильда,кошка
Мартина,кошка
Милашка,кошка
Миледи,кошка
Миллиса,кошка
Миса,кошка
Молли,кошка
Маиса,кошка
Майла,кошка
Мерри,кошка
Матильда Степановна,кошка
Милана,кошка
Мушка,кошка
Макси,кошка
Марфуша,кошка
Милена,кошка
Марихуана,кошка
Милисса,кошка
Мурашка,кошка
Мэрилин,кошка
Мара,кошка
Марфа,кошка
Масяшка,кошка
Мелоди,кошка
Мисти,кошка
Мурзилка,кошка
Мурфета,кошка
Мягколапка,кошка
Мяука,кошка
Мариса,кошка
Мери,кошка
Милочка,кошка
Монро,кошка
Маха,кошка
Месси,кошка
Милиса,кошка
Мирана,кошка
Мисси,кошка
Миссис Норрис,кошка
Мяуси,кошка
Мяуша,кошка
Мадлен,кошка
Мария Мирабелла,кошка
Марсела,кошка
Марся,кошка
Матрёшка,кошка
Мелли,кошка
Милаша,кошка
Мирра,кошка
Мистик,кошка
Мицца,кошка
Мадара,кошка
Майра,кошка
Мальвина,кошка
Мари,кошка
Маришка,кошка
Милки,кошка
Миу,кошка
Нюша,кошка
Ника,кошка
Няшка,кошка
Несси,кошка
Нора,кошка
Николь,кошка
Ночка,кошка
Нюся,кошка
Ненси,кошка
Нокс,кошка
Нафаня,кошка
Никки,кошка
Нежка,кошка
Нэнси,кошка
Настя,кошка
Нирвана,кошка
Найси,кошка
Надин,кошка
Нуся,кошка
Нюра,кошка
Нюська,кошка
Нюшечка,кошка
Наоми,кошка
Неко,кошка
Нефертити,кошка
Нори,кошка
Нала,кошка
Нелли,кошка
Нюрка,кошка
Нимфа,кошка
Норра,кошка
Нэко-тян,кошка
Нэси,кошка
Нюшенька,кошка
Нифертити,кошка
Ночная Звезда,кошка
Неженка,кошка
Нюта,кошка
Нинель,кошка
Ниагара,кошка
Нямка,кошка
Нати,кошка
Нави,кошка
Наська,кошка
Незабудка,кошка
Нейлин,кошка
Неко-мими,кошка
Нерисса,кошка
Неся,кошка
Нигга,кошка
Нури,кошка
Няма,кошка
Найла,кошка
Несли,кошка
Нукси,кошка
Нани,кошка
Наэми,кошка
Невада,кошка
Нила,кошка
Нона,кошка
Нэко,кошка
Нэлси,кошка
Нэся,кошка
Нaйтири,кошка
Нара,кошка
Ная,кошка
Нея,кошка
Ниси,кошка
Ницца,кошка
Нола,кошка
Нолли,кошка
Норка,кошка
Нота,кошка
Нотка,кошка
Нэська,кошка
Нафеша,кошка
Неко-тян,кошка
Непоседа,кошка
Нерида,кошка
Оливия,кошка
Офелия,кошка
Окси,кошка
Огонек,кошка
Оливка,кошка
Одри,кошка
Ося,кошка
Орхидея,кошка
Олли,кошка
Оззи,кошка
Олисия,кошка
Огнеша,кошка
Олимпия,кошка
Оджи,кошка
Олинда,кошка
Оза,кошка
Ольвия,кошка
Оника,кошка
Огнелапка,кошка
Одиссея,кошка
Оливиа,кошка
Онитта,кошка
Орнелла,кошка
Остролистая,кошка
Омега,кошка
Офа,кошка
Оладушка,кошка
Орнетта,кошка
Остролапка,кошка
Олина,кошка
Омалия,кошка
Офина,кошка
Огняша,кошка
Окелани,кошка
Оланна,кошка
Персик,кошка
Пуся,кошка
Принцесса,кошка
Пушинка,кошка
Плюшка,кошка
Пуська,кошка
Пуша,кошка
Плюша,кошка
Пума,кошка
Пантера,кошка
Пёрышко,кошка
Пятнышко,кошка
Полночь,кошка
Пуля,кошка
Пушильда,кошка
Пуговка,кошка
Пандора,кошка
Перси,кошка
Пани,кошка
Павлинка,кошка
Понка,кошка
Пенелопа,кошка
Пуня,кошка
Пикси,кошка
Пепелинка,кошка
Персея,кошка
Пинки,кошка
Плюха,кошка
Поли,кошка
Памела,кошка
Пельмешка,кошка
Пятнашка,кошка
Патти,кошка
Полина,кошка
Пушка,кошка
Пэрис,кошка
Пайпер,кошка
Пусечка,кошка
Пышка,кошка
Панда,кошка
Пестролистая,кошка
Полли,кошка
Пуси,кошка
Пуффи,кошка
Пчелка,кошка
Персия,кошка
Прелесть,кошка
Пульхерия Львовна,кошка
Пенка,кошка
Перса,кошка
Петра,кошка
Поночка,кошка
Проша,кошка
Пумка,кошка
Патрисия,кошка
Патрисия Кисс,кошка
Патриция,кошка
Пипа,кошка
Паппи,кошка
Пепелюшка,кошка
Персефона,кошка
Персида,кошка
Персюша,кошка
Полюшка,кошка
Помпея,кошка
Пэппи,кошка
Паня,кошка
Пеструшка,кошка
Полька,кошка
Пузяка,кошка
Панта,кошка
Пенилопа,кошка
Петровна,кошка
Петти,кошка
Поленька,кошка
Полумна,кошка
Помпуша,кошка
Прада,кошка
Прима,кошка
Пузя,кошка
Пупсик,кошка
Пуха,кошка
Пушина,кошка
Пятнушка,кошка
Пальмира,кошка
Пампуся,кошка
Пампушка,кошка
Пани Зося,кошка
Пантера Леопардовна,кошка
Рокси,кошка
Рыся,кошка
Рыська,кошка
Роза,кошка
Рысь,кошка
Райна,кошка
Рикки,кошка
Руся,кошка
Розали,кошка
Рита,кошка
Рада,кошка
Руна,кошка
Ромашка,кошка
Риччи,кошка
Роззи,кошка
Руби,кошка
Рошель,кошка
Рэсси,кошка
Райли,кошка
Роксолана,кошка
Рафаэлка,кошка
Рианна,кошка
Рамина,кошка
Руська,кошка
Радость,кошка
Ренесми,кошка
Рапунцель,кошка
Рейчел,кошка
Розалли,кошка
Росси,кошка
Русалка,кошка
Рыжка,кошка
Рыжулька,кошка
Райла,кошка
Решка,кошка
Рикка,кошка
Роня,кошка
Рубби,кошка
Рута,кошка
Рыжуля,кошка
Рысенька,кошка
Рюша,кошка
Раис,кошка
Ребекка,кошка
Рика,кошка
Розалия,кошка
Рона,кошка
Росинка,кошка
Роуз,кошка
Рыжая,кошка
Рыжинка,кошка
Рэнесми,кошка
Рэси,кошка
Ресси,кошка
Риана,кошка
Ромми,кошка
Рузана,кошка
Руфи,кошка
Рыжуня,кошка
Рыжуха,кошка
Разоли,кошка
Райда,кошка
Ралли,кошка
Редиска,кошка
Ремина,кошка
Сима,кошка
Соня,кошка
Симка,кошка
Снежка,кошка
Стеша,кошка
Софи,кошка
Сонечка,кошка
Снежа,кошка
Сара,кошка
Сабрина,кошка
Симочка,кошка
Снежинка,кошка
Симона,кошка
Сайли,кошка
Сакура,кошка
Сильва,кошка
Симба,кошка
София,кошка
Сафи,кошка
Сандра,кошка
Сенди,кошка
Сьюзи,кошка
Стася,кошка
Сметанка,кошка
Стейси,кошка
Салли,кошка
Серафима,кошка
Серебрянка,кошка
Снежок,кошка
Сапфира,кошка
Софья,кошка
Стешка,кошка
Стелла,кошка
Сабина,кошка
Санта,кошка
Скарлет,кошка
Сэнди,кошка
Сати,кошка
Солнышко,кошка
Сая,кошка
Стэйси,кошка
Селена,кошка
Сюззи,кошка
Санни,кошка
Саюри,кошка
Софочка,кошка
Сильвия,кошка
Сиппо,кошка
Стефани,кошка
Сэмми,кошка
Синеглазка,кошка
Саманта,кошка
Саффи,кошка
Сия,кошка
Сушка,кошка
Серолапка,кошка
Сиель,кошка
Симоня,кошка
Сирена,кошка
Саня,кошка
Смурфета,кошка
Стесси,кошка
Симпатяшка,кошка
Софка,кошка
Сплюшка,кошка
Стэсси,кошка
Сараби,кошка
Сильвана,кошка
Стела,кошка
Стефания,кошка
Стеффани,кошка
Синди,кошка
Солнце,кошка
Сония,кошка
Сонни,кошка
Стаси,кошка
Самбука,кошка
Сосисочка,кошка
Субара,кошка
Сэтти,кошка
Сюзана,кошка
Саяна,кошка
Сейлор Мун,кошка
Серена,кошка
Сиама,кошка
Таша,кошка
Тася,кошка
Тиша,кошка
Тишка,кошка
Тося,кошка
Туся,кошка
Тигра,кошка
Тина,кошка
Тэнси,кошка
Таська,кошка
Тиффани,кошка
Триша,кошка
Тайра,кошка
Тигруля,кошка
Тэффи,кошка
Тоська,кошка
Тэсси,кошка
Токи,кошка
Тучка,кошка
Тесси,кошка
Тиа,кошка
Тутси,кошка
Таня,кошка
Татоша,кошка
Тори,кошка
Тая,кошка
Тесса,кошка
Тесс,кошка
Тэсла,кошка
Тесла,кошка
Тэрри,кошка
Тяпа,кошка
Тара,кошка
Тиграшка,кошка
Трейси,кошка
Тэя,кошка
Тереза,кошка
Тери,кошка
Тимми,кошка
Тасси,кошка
Тейла,кошка
Тейси,кошка
Тигрица,кошка
Тикки,кошка
Тинка,кошка
Тэсса,кошка
Тайя,кошка
Теона,кошка
Тиви,кошка
Тиграша,кошка
Тома,кошка
Торика,кошка
Тринити,кошка
Тути,кошка
Тэкила,кошка
Таис,кошка
Тайна,кошка
Текила,кошка
Тора,кошка
Тотти,кошка
Табби,кошка
Табоська,кошка
Тайга,кошка
Тайша,кошка
Талиса,кошка
Танита,кошка
Татти,кошка
Таффи,кошка
Тенька,кошка
Терра,кошка
Терри,кошка
Тиана,кошка
Тибби,кошка
Тиграна,кошка
Тиля,кошка
Тимона,кошка
Тисса,кошка
Тифа,кошка
Тришка,кошка
Тюша,кошка
Тама,кошка
Тамилла,кошка
Татоська,кошка
Твинки,кошка
Тилли,кошка
Тимаша,кошка
Торпеда,кошка
Тотоша,кошка
Трешка,кошка
Тритини,кошка
Тьма,кошка
Тяма,кошка
Талифа,кошка
Тамаки,кошка
Тарапунька,кошка
Тасиния,кошка
Твикси,кошка
Темная Звезда,кошка
Тера,кошка
Тесста,кошка
Тигрера,кошка
Тигриса,кошка
Тиффи,кошка
Тихония,кошка
Томас,кошка
Томириана,кошка
Топи,кошка
Триана,кошка
Триш,кошка
Троя,кошка
Тюмма,кошка
Табасаму,кошка
Таисия,кошка
Таки,кошка
Тамася,кошка
Умка,кошка
Уля,кошка
Ума,кошка
Урсула,кошка
Удача,кошка
Улыбка,кошка
Ури,кошка
Уся,кошка
Уня,кошка
Ульяна,кошка
Уна,кошка
Ульянка,кошка
Умма,кошка
Умняша,кошка
Услада,кошка
Ульма,кошка
Уфка,кошка
Улька,кошка
Урса,кошка
Уська,кошка
Уника,кошка
Улисса,кошка
Умница,кошка
Урсана,кошка
Устяша,кошка
Утя,кошка
Ушка,кошка
Уайра,кошка
Угга,кошка
Уилл,кошка
Ума-умочка,кошка
Умбрелла,кошка
Ундина,кошка
Уолли,кошка
Ураганка,кошка
Уэльси,кошка
Уки,кошка
Улита,кошка
Утамару,кошка
Уайти,кошка
Увити,кошка
Фрося,кошка
Феня,кошка
Фенечка,кошка
Фифа,кошка
Фроська,кошка
Фиби,кошка
Фиона,кошка
Фасолька,кошка
Флорис,кошка
Фишка,кошка
Фея,кошка
Фикси,кошка
Фрейя,кошка
Фрида,кошка
Фенька,кошка
Фи-фи,кошка
Фокси,кошка
Фанни Флафф,кошка
Фиса,кошка
Фисташка,кошка
Фантик,кошка
Фелиция,кошка
Флешка,кошка
Фани,кошка
Франческа,кошка
Фанта,кошка
Фаня,кошка
Фелиса,кошка
Феона,кошка
Феликс,кошка
Фортуна,кошка
Фима,кошка
Фуся,кошка
Фекла,кошка
Фиалка,кошка
Филька,кошка
Фабби,кошка
Флэшка,кошка
Филиция,кошка
Фиска,кошка
Флаффи,кошка
Флея,кошка
Фруся,кошка
Фырка,кошка
Фима Фимоновна,кошка
Флори,кошка
Фрея,кошка
Фанни,кошка
Феррера,кошка
Фефочка,кошка
Фике,кошка
Фласка,кошка
Флёра,кошка
Флокса,кошка
Фрикаделька,кошка
Фафаня,кошка
Феллис,кошка
Фиерия,кошка
Фиеста,кошка
Филомена,кошка
Флай,кошка
Флафи,кошка
Флоренс,кошка
Флоренсия,кошка
Фукси,кошка
Фьяра,кошка
Фэнси,кошка
Фэрари,кошка
Фарси,кошка
Фелина,кошка
Фогги,кошка
Фомка,кошка
Фора,кошка
Фося,кошка
Хлоя,кошка
Хэппи,кошка
Хати,кошка
Хоши,кошка
Хэлли,кошка
Хася,кошка
Холли,кошка
Хулиганка,кошка
Хани,кошка
Хельга,кошка
Хэйли,кошка
Хэсси,кошка
Хиса,кошка
Хината,кошка
Ханна,кошка
Хатти,кошка
Хаятэ,кошка
Хайди,кошка
Хартси,кошка
Харизма,кошка
Хейли,кошка
Химера,кошка
Хонда,кошка
Хельса,кошка
ХоХо,кошка
Хруся,кошка
Хабира,кошка
Халиша,кошка
Хана,кошка
Ханга,кошка
Ханни,кошка
Хапка,кошка
Харли,кошка
Харри,кошка
Хаси,кошка
Хаста,кошка
Хаффи,кошка
Хватуля,кошка
Хеля,кошка
Хемилия,кошка
Хенесси,кошка
Хенси,кошка
Хильда,кошка
Хурма,кошка
Хайка,кошка
Хали,кошка
Хамурра,кошка
Ханя,кошка
Хасинта,кошка
Хасса,кошка
Хеда,кошка
Хелен,кошка
Хелли,кошка
Хельма,кошка
Хемми,кошка
Хепси,кошка
Херби,кошка
Хикари,кошка
Хилари,кошка
Хиросима,кошка
Хиссетта,кошка
Хищница,кошка
Хорни,кошка
Хоро,кошка
Хошка,кошка
Хризантемка,кошка
Христина,кошка
Хьюга,кошка
Хайлин,кошка
Хайна,кошка
Хальфиа,кошка
Халя,кошка
Халява,кошка
Ханка,кошка
Царапка,кошка
Цесса,кошка
Царина,кошка
Цаца,кошка
Цирцея,кошка
Цветик,кошка
Цеся,кошка
Цунами,кошка
Царица,кошка
Цера,кошка
Цыпа,кошка
Цветочек,кошка
Царапуня,кошка
Целеста,кошка
Цапа,кошка
Цеза,кошка
Церри,кошка
Цендана,кошка
Целли,кошка
Цилли,кошка
Цукерка,кошка
Цезария,кошка
Цорция,кошка
Цунаде,кошка
Цилля,кошка
Цензи,кошка
Цико,кошка
Цусима,кошка
Циси,кошка
Челси,кошка
Чуча,кошка
Чита,кошка
Черри,кошка
Чуня,кошка
Черничка,кошка
Чара,кошка
Чернушка,кошка
Чернышка,кошка
Чика,кошка
Чери,кошка
Чарлиз,кошка
Чесси,кошка
Чарли,кошка
Черника,кошка
Чидори,кошка
Чипса,кошка
Чернуша,кошка
Чикса,кошка
Чипа,кошка
Чаинка,кошка
Чайка,кошка
Чемми,кошка
Чося,кошка
Чандра,кошка
Чародейка,кошка
Челиси,кошка
Чикуля,кошка
Чина,кошка
Чойс,кошка
Чейза,кошка
Челла,кошка
Чикоша,кошка
Чио,кошка
Чича,кошка
Чазета,кошка
Чайна,кошка
Чарита,кошка
Чарми,кошка
Чарси,кошка
Чейси,кошка
Челита,кошка
Челитта,кошка
Ченси,кошка
Чероки,кошка
Чесма,кошка
Чеся,кошка
Чеша,кошка
Чижа,кошка
Чикита,кошка
Чикки,кошка
Чиколетта,кошка
Чилита,кошка
Чинзана,кошка
Чинни,кошка
Чио-чио-сан,кошка
Чирка,кошка
Чудетта,кошка
Чули,кошка
Чуя,кошка
Чаке,кошка
Чакки,кошка
Чаконка,кошка
Чамба,кошка
Чанга,кошка
Шанель,кошка
Шерри,кошка
Шуня,кошка
Шери,кошка
Шакира,кошка
Шанти,кошка
Шейла,кошка
Шаня,кошка
Шэрри,кошка
Шуша,кошка
Шани,кошка
Шкода,кошка
Шунька,кошка
Шонсе,кошка
Шелли,кошка
Шеба,кошка
Шанэль,кошка
Шоколадка,кошка
Шарлота,кошка
Шелби,кошка
Шу-шу,кошка
Шанси,кошка
Шарлин,кошка
Штефа,кошка
Шэйла,кошка
Шива,кошка
Шонни,кошка
Шоня,кошка
Шэли,кошка
Шанди,кошка
Шанталь,кошка
Шила,кошка
Шпуля,кошка
Шайна,кошка
Шарлиз,кошка
Шер,кошка
Шэди,кошка
Шая,кошка
Шилла,кошка
Шэна,кошка
Шадэ,кошка
Шелла,кошка
Шпунька,кошка
Шалунья,кошка
Шейна,кошка
Шкоди,кошка
Шура,кошка
Ширли,кошка
Шелди,кошка
Шерли,кошка
Шерон,кошка
Шипа,кошка
Шипуня,кошка
Шпулька,кошка
Шуся,кошка
Шушуня,кошка
Шанити,кошка
Шармэн,кошка
Шаэль,кошка
Шелька,кошка
Шера,кошка
Штеффи,кошка
Шэгги,кошка
Шарли,кошка
Шеда,кошка
Шекки,кошка
Ши-ши,кошка
Штучка,кошка
Шуйка,кошка
Шэки,кошка
Шами,кошка
Шаркиза,кошка
Шармель,кошка
Шаруня,кошка
Шахирезада,кошка
Шекли,кошка
Шельма,кошка
Шена,кошка
Шики,кошка
Шипучка,кошка
Шокки,кошка
Шоша,кошка
Шэйди,кошка
Шамба,кошка
Шандора,кошка
Шануар,кошка
Шарки,кошка
Шаузи,кошка
Шахиня,кошка
Шаяна,кошка
Шегги,кошка
Шейда,кошка
Шейли,кошка
Шейра,кошка
Шерла,кошка
Шинигами,кошка
Шкодя,кошка
Элис,кошка
Эльза,кошка
Эми,кошка
Эбби,кошка
Эмма,кошка
Эля,кошка
Эмили,кошка
Элизабет,кошка
Эйва,кошка
Элина,кошка
Эллис,кошка
Эльвира,кошка
Эшли,кошка
Эффи,кошка
Элиза,кошка
Элисон,кошка
Элли,кошка
Эся,кошка
Эйва,кошка
Эсма,кошка
Энжи,кошка
Эйприл,кошка
Эстер,кошка
Эби,кошка
Эвелина,кошка
Эли,кошка
Элька,кошка
Эсми,кошка
Эрика,кошка
Элеанора,кошка
Элеонора,кошка
Элла,кошка
Энелла,кошка
Энжел,кошка
Эни,кошка
Эрин,кошка
Эсси,кошка
Эва,кошка
Элианна,кошка
Элишка,кошка
Эльма,кошка
Энни,кошка
Эска,кошка
Эста,кошка
Эзольда,кошка
Элана,кошка
Эльвина,кошка
Эльмурза,кошка
Эльфа,кошка
Эмилия,кошка
Эндж,кошка
Энигма,кошка
Эра,кошка
Эрра,кошка
Эсме,кошка
Эсфирь,кошка
Эверетта,кошка
Эвона,кошка
Юляшка,кошка
Юки,кошка
Юся,кошка
Юля,кошка
Юта,кошка
Юми,кошка
Юна,кошка
Юппи,кошка
Юкси,кошка
Юла,кошка
Юкка,кошка
Юша,кошка
Юджи,кошка
Юни,кошка
Юсичка,кошка
Юня,кошка
Юстина,кошка
Юшка,кошка
Юка,кошка
Юси,кошка
Юста,кошка
Юди,кошка
Юнита,кошка
Юсси,кошка
Юнона,кошка
Ю-Ю,кошка
Юки Ко,кошка
Юкимура,кошка
Юм Юм,кошка
Юма,кошка
Юфи-юф,кошка
Юшуся,кошка
Юлиска,кошка
Юлисса,кошка
Юм-юм,кошка
Яся,кошка
Ягодка,кошка
Яська,кошка
Яна,кошка
Яша,кошка
Янка,кошка
Ява,кошка
Яшма,кошка
Ясмина,кошка
Ямайка,кошка
Янесса,кошка
Яролика,кошка
Ямина,кошка
Янта,кошка
Яня,кошка
Ямира,кошка
Ясения,кошка
Яра,кошка
Ярослава,кошка
Яска,кошка
Ямаха,кошка
Янита,кошка
Ядвига,кошка
Ялта,кошка
Янушка,кошка
Яснора,кошка
Ярозабель,кошка
Ярохвостатая,кошка
Яруська,кошка
Якси,кошка
Якудза,кошка
Яля,кошка
Ямара,кошка
Янжели,кошка
Яниточка,кошка
Януся,кошка
Ярика,кошка
Яриска,кошка
Ярка,кошка
Яркиса,кошка
Ярыся,кошка